Country Name,Country Code,Indicator Name,Indicator Code,1960,1961,1962,1963,1964,1965,1966,1967,1968,1969,1970,1971,1972,1973,1974,1975,1976,1977,1978,1979,1980,1981,1982,1983,1984,1985,1986,1987,1988,1989,1990,1991,1992,1993,1994,1995,1996,1997,1998,1999,2000,2001,2002,2003,2004,2005,2006,2007,2008,2009,2010,2011,2012,2013,2014,2015,2016,2017,2018,2019,2020,2021,2022,2023,Rank_GDP_2023,GDP_Growth_Rate_2013_2023,Rank_GDP_Growth_Rate_2013_2023
Guyana,GUY,GDP (current US$),NY.GDP.MKTP.CD,170216241.1,185849535.4,194949512.6,175757893.9,194774513.1,213235294.1,228705882.4,250176470.6,229750000.0,249300000.0,267800000.0,282050000.0,285380952.4,307047619.0,433954545.5,494791666.7,454440000.0,449880000.0,507080000.0,530440000.0,603200000.0,570357107.1,482000000.0,489333333.3,437631605.3,453488372.1,504651139.5,354591846.9,413799990.0,379779389.7,396582263.3,348533094.8,373573141.5,454101382.5,540874934.2,621626785.9,705406001.4,749138009.6,717530683.2,694754988.3,712667896.7,712167450.2,726131434.7,743063950.3,787814379.2,824880550.3,2379817991.0,2730971595.0,3025187433.0,3165663153.0,3432912517.0,3691384318.0,4063088536.0,4167800929.0,4127660152.0,4279840194.0,4482697337.0,4748174334.0,4787636998.0,5173760192.0,5471256595.0,8041363893.0,14718387017.0,17159509565.0,95,75.7114,1
Ethiopia,ETH,GDP (current US$),NY.GDP.MKTP.CD,1610511694.0,1680859514.0,1747566307.0,1825058828.0,1984129186.0,2159998591.0,2324466416.0,2461762003.0,2619948865.0,2768987372.0,3045354455.0,3224280835.0,3520252938.0,4070570550.0,4577209966.0,4577047854.0,4943806093.0,5651840585.0,6014961435.0,6586048398.0,7012585454.0,7507663567.0,7899988841.0,8781664427.0,8298309581.0,9717392687.0,10094328898.0,10790001558.0,11181119718.0,11762932007.0,12478943895.0,13799799324.0,10754799037.0,9051043870.0,7100806754.0,7855205207.0,8761215548.0,8803539988.0,8013274132.0,7892973532.0,8242349618.0,8231326016.0,7850809498.0,8623691300.0,10131187261.0,12401139454.0,15280861835.0,19707616773.0,27066912635.0,32437389116.0,29933790334.0,31952763089.0,43310721414.0,47648276605.0,55612228234.0,64589328551.0,74296745208.0,81770886826.0,84269196626.0,95912607722.0,107658000000.0,111262000000.0,126773000000.0,163698000000.0,73,70.8926,2
Bangladesh,BGD,GDP (current US$),NY.GDP.MKTP.CD,4274894083.0,4817580375.0,5081413542.0,5319458563.0,5386054833.0,5906636792.0,6439687854.0,7253575688.0,7483685771.0,8471006438.0,8992722167.0,8751843188.0,6288245867.0,8086725729.0,12512460520.0,19448348073.0,10117113333.0,9651149302.0,13281767143.0,15565480322.0,18138049096.0,20249694002.0,18525399202.0,17609048822.0,18920840000.0,22278423077.0,21774033333.0,24298032258.0,26579005558.0,28781715189.0,31598340778.0,30957483950.0,31708874594.0,33166519418.0,33768660883.0,37939748769.0,46438484108.0,48244309133.0,49984559471.0,51270569884.0,53369787319.0,53991289844.0,54724081491.0,60158929188.0,65108544250.0,69476001239.0,71795736172.0,79611644975.0,91636997371.0,102475000000.0,115276000000.0,128607000000.0,133311000000.0,149999000000.0,172887000000.0,195147000000.0,265225000000.0,293732000000.0,321363000000.0,351232000000.0,373979000000.0,416272000000.0,460132000000.0,437415000000.0,21,65.7079,3
Guinea,GIN,GDP (current US$),NY.GDP.MKTP.CD,,,,,,,,,,,3220224608.0,3594302908.0,4203069035.0,5152080388.0,5691417541.0,6102769605.0,6762781871.0,6914381291.0,8087305999.0,8877094497.0,9746524915.0,9646440667.0,11926032493.0,15129893722.0,18421497251.0,22787644566.0,2909130355.0,2976714019.0,3476480303.0,3546079263.0,3888320666.0,4396178694.0,4789220417.0,4781166117.0,4932800407.0,5385704166.0,5641243100.0,5516916163.0,5232118046.0,5046806783.0,4367458867.0,4125527603.0,4301608753.0,5025167975.0,5300767961.0,4282468637.0,4220019845.0,6281918226.0,6964179983.0,6716905340.0,6853467146.0,6785137203.0,7638044557.0,8376613539.0,8778473373.0,8794201743.0,8595955222.0,10324668271.0,11857030367.0,13442861496.0,14088693743.0,17069115738.0,19910452542.0,22199409741.0,86,62.2665,4
Sao Tome and Principe,STP,GDP (current US$),NY.GDP.MKTP.CD,,,,,,,,,,,37211826.09,37288845.21,41430256.81,56011244.74,57817591.46,60101709.85,52039421.2,49207692.32,55044562.8,65755928.14,81662231.03,83499263.5,80307762.62,75110289.18,78213795.93,82733069.44,115928906.7,115952925.5,99000764.39,98545169.43,119298002.1,107484142.7,94861756.02,125742180.0,131338384.7,103695236.8,135188165.7,91920274.24,72285403.84,77302211.92,76198394.82,75951133.38,85171073.88,102085769.1,114582283.9,136450662.4,142775104.1,149146918.9,188021165.0,200668065.0,190021192.5,226455001.2,229371348.2,267041747.6,293119143.2,259999643.0,292267272.2,322002845.2,383717327.8,412976082.6,471229484.6,524402455.5,540809499.2,678976264.8,220,60.6699,5
Sudan,SDN,GDP (current US$),NY.GDP.MKTP.CD,1126364162.0,1222860429.0,1328259625.0,1351234926.0,1388282600.0,1446869619.0,1484491676.0,1607409539.0,1677771401.0,1847501441.0,2100229759.0,2288340041.0,2483055722.0,3077254460.0,3958931660.0,4823090192.0,6013210816.0,7499005639.0,8128719315.0,8418407787.0,8951800000.0,10753888154.0,8732542274.0,8230153846.0,10447615385.0,8075259600.0,10092200000.0,12093333333.0,14372555556.0,21408111111.0,33641222222.0,44171194366.0,7031933492.0,8881010081.0,12793798418.0,13830369852.0,9018300725.0,11681175864.0,11250221537.0,10682028340.0,12257299147.0,15716361792.0,18137128388.0,21355298460.0,26646007251.0,35182711988.0,45263831634.0,59440139775.0,64833083257.0,51621044077.0,58962978034.0,55018567211.0,37632919967.0,43024018082.0,49516748618.0,51726758677.0,42630376000.0,41283617976.0,32333780383.0,32338079165.0,27034593750.0,34229513775.0,51666875363.0,109266000000.0,207,60.6245,6
Ireland,IRL,GDP (current US$),NY.GDP.MKTP.CD,1998550222.0,2151772980.0,2329372972.0,2505073358.0,2851091646.0,3035655794.0,3198820904.0,3445739915.0,3378701147.0,3902721632.0,4395995086.0,5098250287.0,6318060582.0,7481173066.0,7896860615.0,9483808362.0,9453756015.0,11248340431.0,14647996074.0,18319334300.0,21747855640.0,20670190138.0,21474754080.0,20766047764.0,20106648455.0,21270013326.0,28714571852.0,33920518493.0,37772897421.0,39238392678.0,49305632408.0,49787502852.0,55918538121.0,52417477614.0,57097656066.0,69139823232.0,75790785030.0,82856648758.0,90199410116.0,98893958263.0,100208000000.0,109347000000.0,128596000000.0,164671000000.0,194372000000.0,211877000000.0,232181000000.0,270079000000.0,275447000000.0,236443000000.0,221986000000.0,241337000000.0,227271000000.0,243302000000.0,266787000000.0,302391000000.0,305733000000.0,348532000000.0,395461000000.0,407125000000.0,436556000000.0,531307000000.0,548570000000.0,551395000000.0,112,55.8752,7
Somalia,SOM,GDP (current US$),NY.GDP.MKTP.CD,180459936.8,191659914.4,203531927.5,216145935.9,229529912.7,243725898.0,257375897.0,271781886.8,286719885.3,306357284.6,347985394.3,347039445.7,447883941.2,483699610.6,572504035.9,757015878.8,871344245.1,498550724.6,564571823.2,589566929.1,602515548.5,699302473.1,774578932.0,735408641.8,787434541.7,875702247.2,916590786.3,1018972664.0,1051596967.0,1181360844.0,1031282081.0,717974929.8,709297578.5,1260132956.0,1481205098.0,1534756135.0,1792234297.0,2191749014.0,2962047564.0,3045751528.0,3412797450.0,2252847465.0,2192684135.0,2836724352.0,3859592813.0,4683246454.0,5026743282.0,5430713729.0,5913620293.0,2948594552.0,2687807004.0,2906000097.0,4364670160.0,5062881613.0,5728399711.0,6152149080.0,6613743090.0,7621501720.0,7873440838.0,8655023960.0,8628393720.0,9483997404.0,10202767270.0,10968517090.0,214,53.8417,8
Armenia,ARM,GDP (current US$),NY.GDP.MKTP.CD,,,,,,,,,,,,,,,,,,,,,,,,,,,,,,,2256863449.0,2069870130.0,1272835453.0,1201312829.0,1315158637.0,1468317435.0,1596968946.0,1639492445.0,1893726437.0,1845482173.0,1911563669.0,2118467913.0,2376335048.0,2807061009.0,3576615240.0,4900469511.0,6384452067.0,9206301270.0,11662040714.0,8647937081.0,9260285756.0,10142111825.0,10619320683.0,11121464437.0,11609513247.0,10553337518.0,10546136236.0,11527458709.0,12457940695.0,13619290539.0,12641698583.0,13878908629.0,19513506553.0,24085749592.0,11,53.8255,9
Cambodia,KHM,GDP (current US$),NY.GDP.MKTP.CD,,,,,,,,,,,,,,,,749129748.2,790357254.5,716261764.5,766642356.1,723738502.7,744384129.7,815153652.4,865516039.8,939291262.1,1021176059.0,1102669184.0,1167630318.0,1036974910.0,1662877859.0,1353137648.0,1402541177.0,2054974089.0,2491486594.0,2533727592.0,2791435272.0,3441205693.0,3506695720.0,3443413389.0,3120425503.0,3517242477.0,3694168979.0,4145665970.0,4501227627.0,5046693484.0,5883297160.0,7066296463.0,8350531017.0,10127916460.0,12174303999.0,12502901170.0,13808673288.0,16032622024.0,17826536700.0,19807135253.0,22041463968.0,24174170369.0,26556545153.0,29355665910.0,33145892169.0,36685356408.0,34818073901.0,36790163687.0,39994532960.0,42335646896.0,124,53.214,10
Malta,MLT,GDP (current US$),NY.GDP.MKTP.CD,,,,,,,,,,,250728790.0,264578361.7,295106782.9,345616048.6,376081234.2,474618290.5,527936936.2,625563338.3,793673682.3,1001288271.0,1250199089.0,1243509902.0,1234474695.0,1165730190.0,1101807308.0,1117797259.0,1435038010.0,1751293248.0,2019503807.0,2118655261.0,2547330219.0,2750214991.0,3021944675.0,2709194744.0,2998504344.0,3709361629.0,3822488329.0,3787069759.0,4010090979.0,4111890473.0,4036810072.0,4070867702.0,4455128823.0,5418313424.0,6104139673.0,6393234994.0,6749840218.0,7908417717.0,9135423330.0,8734741332.0,9097044161.0,9789361704.0,9609532089.0,10796782638.0,11888032872.0,11340795042.0,12025782834.0,14161366724.0,16153779511.0,16337793531.0,16385919536.0,19718565605.0,19209979975.0,22328640242.0,160,51.646,11
"Congo, Dem. Rep.",COD,GDP (current US$),NY.GDP.MKTP.CD,3359404118.0,3086746857.0,3779841429.0,6213185743.0,2881545273.0,4043901818.0,4532660182.0,3384063372.0,3909780539.0,5032434970.0,4877684910.0,5594770359.0,6173712814.0,7870239461.0,9596960180.0,10237343174.0,9648583225.0,12344424764.0,15372608002.0,15068422236.0,14394927495.0,12537821038.0,13651667371.0,11006712650.0,7857729193.0,7195042616.0,8095367168.0,7661625473.0,8861299977.0,9021862775.0,9349764580.0,9087965282.0,8206227134.0,10707792340.0,5820383306.0,5643439376.0,5771454940.0,6090840548.0,6217806273.0,4711259427.0,19088046306.0,7438189100.0,8728038525.0,8937567060.0,10297483481.0,11964484466.0,14451901696.0,16737071816.0,19788515590.0,18648372553.0,21565721045.0,25839749199.0,29306235285.0,32679745048.0,35909040926.0,37917706497.0,37134801555.0,38019264795.0,47568210010.0,51775829877.0,48716961860.0,55328482784.0,65801547620.0,66383287003.0,44,50.7711,12
Viet Nam,VNM,GDP (current US$),NY.GDP.MKTP.CD,,,,,,,,,,,,,,,,,,,,,,,,,,14094687821.0,26336616250.0,36658108850.0,25423812649.0,6293304975.0,6471740806.0,9613369520.0,9866990236.0,13180953598.0,16286433533.0,20736164459.0,24657470575.0,26843700442.0,27209602050.0,28683659007.0,31172518403.0,32685198809.0,35064105501.0,39552513232.0,45427854693.0,57633255738.0,66371664817.0,77414425532.0,99130304099.0,106015000000.0,147201000000.0,172595000000.0,195591000000.0,213709000000.0,233451000000.0,239258000000.0,257096000000.0,281354000000.0,310106000000.0,334365000000.0,346616000000.0,366475000000.0,410324000000.0,429717000000.0,258,50.2675,13
Djibouti,DJI,GDP (current US$),NY.GDP.MKTP.CD,,,,,,,,,,,,,,,,,,,,,,,,,,340989528.0,,373371738.3,395794538.6,409220087.1,452328087.3,462421998.5,478058304.9,466048469.2,491689220.7,497723960.6,494004647.7,502675542.0,514267869.3,536080148.1,551230861.9,572417440.8,591122039.6,622044665.5,666072101.8,708633194.7,768873684.0,847918929.1,999105339.3,1049110685.0,1128611700.0,1239144502.0,1353632942.0,2042817163.0,2214679081.0,2424391785.0,2604955229.0,2762581334.0,2913466732.0,3088853639.0,3185150981.0,3385825229.0,3674298479.0,4098530514.0,57,50.1573,14
Maldives,MDV,GDP (current US$),NY.GDP.MKTP.CD,,,,,,,,,,,19328038.32,21566404.02,25177137.53,30862041.6,39120171.25,24540877.6,22399467.11,20853788.71,24369109.14,38523364.49,42463576.16,44781456.95,47911340.18,57829787.23,109503546.1,127190758.0,141882254.2,141223029.4,168514513.4,189514434.2,215043969.8,244396761.9,284875809.0,322417837.2,356014932.1,398988955.0,450382328.0,508223602.4,540096397.6,589239753.6,624337145.3,870031676.8,897031250.0,1052121055.0,1226829563.0,1163362438.0,1575200391.0,1868383461.0,2271646188.0,2345294875.0,2588176055.0,2774350240.0,2886163997.0,3295009238.0,3697353039.0,4129505319.0,4409942624.0,4816426257.0,5404344163.0,5726094799.0,3712604583.0,5252457370.0,6177118114.0,6590894302.0,153,50.0066,15
Guatemala,GTM,GDP (current US$),NY.GDP.MKTP.CD,1043599900.0,1076699900.0,1143600000.0,1262800000.0,1299099900.0,1331399900.0,1390700000.0,1453500000.0,1610500000.0,1715399900.0,1904000000.0,1984800000.0,2101300000.0,2569200100.0,3161499900.0,3645900000.0,4365300200.0,5480500200.0,6070600200.0,6902600200.0,7878700000.0,8607500300.0,8716999700.0,9050000400.0,9470000100.0,9721652087.0,7231963516.0,7084399840.0,7841602824.0,8410724361.0,7650196845.0,9406135143.0,10440781588.0,11400017301.0,12983233311.0,14655404433.0,15674835615.0,17790026222.0,19395491993.0,18318412251.0,19288929030.0,18405220247.0,20444205991.0,21576351799.0,23577298095.0,26783389294.0,29744246827.0,33567850824.0,38503720224.0,37126148265.0,40676578423.0,46876006272.0,49593929487.0,52996446269.0,57852153059.0,62186064719.0,66053403469.0,71653754066.0,73328365862.0,77172317259.0,77719464221.0,86478835636.0,95630524813.0,104450000000.0,93,49.2614,16
Iceland,ISL,GDP (current US$),NY.GDP.MKTP.CD,252169712.0,257703244.6,289200704.4,345175036.1,440797869.3,531569563.9,638349755.2,630567115.8,481532847.6,420945147.6,526704545.5,670251136.4,839652164.1,1154440253.0,1515190595.0,1406875081.0,1669488390.0,2208509076.0,2511826196.0,2853435054.0,3381419251.0,3492997010.0,3206626645.0,2765950336.0,2864441387.0,2984052357.0,3989622739.0,5520318405.0,6106635816.0,5672569449.0,6468736356.0,6909730288.0,7080981738.0,6218581532.0,6389460343.0,7123633418.0,7426082271.0,7569672925.0,8503693099.0,8982047589.0,9025660362.0,8234846805.0,9318395055.0,11429333038.0,13825302536.0,16852963067.0,17465318552.0,21652505597.0,18074622987.0,13154414219.0,13751161918.0,15221622926.0,14751508134.0,16125060515.0,17867662178.0,17517210519.0,20793168031.0,24728285177.0,26260850582.0,24681343649.0,21629953194.0,25825287184.0,28770206627.0,31325116556.0,115,48.5235,17
Dominican Republic,DOM,GDP (current US$),NY.GDP.MKTP.CD,672399700.0,654100200.0,824100000.0,940799900.0,1025599900.0,888100000.0,983900000.0,1034800000.0,1079100000.0,1230500000.0,1485500000.0,1666500000.0,1987400000.0,2344800000.0,2925700000.0,3599200000.0,3951500000.0,4587100000.0,4734400000.0,5498800000.0,6761300000.0,7561300000.0,8267400000.0,9220600000.0,11594000000.0,5044579979.0,6122128558.0,5827050753.0,5374299981.0,6686593060.0,7073675545.0,9824483340.0,11605382504.0,13081042400.0,14644734599.0,16637370839.0,18241622548.0,20017450041.0,21672215547.0,22136579397.0,24305780629.0,25601823688.0,27137440786.0,21403167848.0,22322387382.0,35777560684.0,37879830084.0,43965458509.0,48122601530.0,48261078914.0,53860187258.0,58029773599.0,60681535653.0,62682159338.0,67179955677.0,71164826837.0,75704647878.0,79998046306.0,85555390139.0,88941372558.0,78844656298.0,94243425938.0,113537000000.0,121444000000.0,60,48.386,18
India,IND,GDP (current US$),NY.GDP.MKTP.CD,37029883876.0,39232435784.0,42161481858.0,48421923459.0,56480289941.0,59556105229.0,45581230504.0,50134942204.0,53085455871.0,58447995017.0,62422483055.0,67351404352.0,71464700667.0,85517673173.0,99526597934.0,98473832017.0,102716000000.0,121487000000.0,137302000000.0,152995000000.0,186329000000.0,193491000000.0,200716000000.0,218262000000.0,212158000000.0,232512000000.0,248986000000.0,279034000000.0,296590000000.0,296042000000.0,320979000000.0,270105000000.0,288208000000.0,279296000000.0,327275000000.0,360282000000.0,392897000000.0,415868000000.0,421351000000.0,458821000000.0,468396000000.0,485440000000.0,514939000000.0,607701000000.0,709153000000.0,820384000000.0,940260000000.0,1216740000000.0,1198900000000.0,1341890000000.0,1675620000000.0,1823050000000.0,1827640000000.0,1856720000000.0,2039130000000.0,2103590000000.0,2294800000000.0,2651470000000.0,2702930000000.0,2835610000000.0,2674850000000.0,3167270000000.0,3353470000000.0,3567550000000.0,110,47.9553,19
Kyrgyz Republic,KGZ,GDP (current US$),NY.GDP.MKTP.CD,,,,,,,,,,,,,,,,,,,,,,,,,,,,,,,2660202623.0,2542256424.0,2315346943.0,2026019253.0,1681780847.0,1661147035.0,1827570586.0,1767864036.0,1645963750.0,1249061487.0,1369688498.0,1525116370.0,1605643105.0,1919008090.0,2211534585.0,2460246766.0,2834168889.0,3802570553.0,5139958909.0,4690061381.0,4794361863.0,6197765984.0,6605142884.0,7335033801.0,7468102413.0,6678177512.0,6813095379.0,7702938379.0,8271106235.0,9371275264.0,8270468614.0,9249133946.0,12134931018.0,13987627909.0,123,47.5606,20
South Asia,SAS,GDP (current US$),NY.GDP.MKTP.CD,47274328379.0,50467431650.0,53905757721.0,60496393964.0,69320094074.0,74300329653.0,61634144134.0,67988908261.0,71642503355.0,78860212866.0,85149253641.0,90601671637.0,91337915060.0,104514000000.0,126551000000.0,135367000000.0,131874000000.0,152700000000.0,173796000000.0,194667000000.0,235543000000.0,250077000000.0,258727000000.0,273882000000.0,272607000000.0,296435000000.0,313955000000.0,348602000000.0,374584000000.0,378017000000.0,406963000000.0,362063000000.0,384522000000.0,380890000000.0,432086000000.0,479585000000.0,524681000000.0,550409000000.0,558117000000.0,597995000000.0,647682000000.0,662514000000.0,695456000000.0,811669000000.0,941601000000.0,1075830000000.0,1220740000000.0,1536040000000.0,1559690000000.0,1702710000000.0,2082390000000.0,2294130000000.0,2327970000000.0,2389930000000.0,2614950000000.0,2733650000000.0,3011070000000.0,3433920000000.0,3534070000000.0,3658210000000.0,3493120000000.0,4079870000000.0,4327390000000.0,4494990000000.0,205,46.8312,21
South Asia (IDA & IBRD),TSA,GDP (current US$),NY.GDP.MKTP.CD,47274328379.0,50467431650.0,53905757721.0,60496393964.0,69320094074.0,74300329653.0,61634144134.0,67988908261.0,71642503355.0,78860212866.0,85149253641.0,90601671637.0,91337915060.0,104514000000.0,126551000000.0,135367000000.0,131874000000.0,152700000000.0,173796000000.0,194667000000.0,235543000000.0,250077000000.0,258727000000.0,273882000000.0,272607000000.0,296435000000.0,313955000000.0,348602000000.0,374584000000.0,378017000000.0,406963000000.0,362063000000.0,384522000000.0,380890000000.0,432086000000.0,479585000000.0,524681000000.0,550409000000.0,558117000000.0,597995000000.0,647682000000.0,662514000000.0,695456000000.0,811669000000.0,941601000000.0,1075830000000.0,1220740000000.0,1536040000000.0,1559690000000.0,1702710000000.0,2082390000000.0,2294130000000.0,2327970000000.0,2389930000000.0,2614950000000.0,2733650000000.0,3011070000000.0,3433920000000.0,3534070000000.0,3658210000000.0,3493120000000.0,4079870000000.0,4327390000000.0,4494990000000.0,241,46.8312,22
Honduras,HND,GDP (current US$),NY.GDP.MKTP.CD,335650000.0,356200000.0,387750000.0,410200000.0,457000000.0,508650000.0,549950000.0,598100000.0,646800000.0,668000050.0,723000000.0,731000000.0,802996336.5,912499493.8,1034500000.0,1124000000.0,1347999950.0,1669499950.0,3097242093.0,3544281977.0,3968160046.0,4043894879.0,4266503526.0,4476697185.0,4915311847.0,5278120713.0,5677828959.0,6190521242.0,5902717091.0,5432344902.0,4923009552.0,4648668479.0,4943700431.0,4926728933.0,4642280682.0,5347445005.0,5215028986.0,5737099650.0,6366340266.0,6414520530.0,7186638029.0,7651162302.0,7858255413.0,8230391347.0,8869299234.0,9757012697.0,10917477066.0,12361257681.0,13881731876.0,14587496229.0,15839344592.0,17710275685.0,18528554398.0,18499729215.0,19756533972.0,20979791685.0,21717604952.0,23136247991.0,24067750760.0,24882225742.0,23352232484.0,28144331507.0,31426041807.0,34400509852.0,98,46.2225,23
China,CHN,GDP (current US$),NY.GDP.MKTP.CD,59716249311.0,50056685957.0,47209186415.0,50706614526.0,59708125204.0,70436008642.0,76720005492.0,72881364882.0,70846276051.0,79705614855.0,92602634892.0,99800593791.0,113689000000.0,138543000000.0,144189000000.0,163430000000.0,153939000000.0,174936000000.0,149541000000.0,178281000000.0,191149000000.0,195866000000.0,205090000000.0,230687000000.0,259947000000.0,309488000000.0,300758000000.0,272973000000.0,312354000000.0,347768000000.0,360858000000.0,383373000000.0,426916000000.0,444731000000.0,564322000000.0,734485000000.0,863749000000.0,961602000000.0,1029060000000.0,1094000000000.0,1211330000000.0,1339400000000.0,1470560000000.0,1660280000000.0,1955350000000.0,2285960000000.0,2752120000000.0,3550330000000.0,4594340000000.0,5101690000000.0,6087190000000.0,7551550000000.0,8532190000000.0,9570470000000.0,10475600000000.0,11061600000000.0,11233300000000.0,12310500000000.0,13894900000000.0,14280000000000.0,14687700000000.0,17820500000000.0,17881800000000.0,17794800000000.0,41,46.2176,24
Turks and Caicos Islands,TCA,GDP (current US$),NY.GDP.MKTP.CD,,,,,,,,,,,,,,,,,,,,,,,,,,,,,,,,,,,,,,,,,,358744800.0,366707900.0,409753600.0,485598800.0,578645800.0,721891500.0,773489700.0,862683600.0,703175800.0,686787800.0,728789600.0,727161000.0,754238000.0,841070000.0,942070000.0,1032452000.0,1028941663.0,1128749005.0,1177285212.0,774653669.3,1045782454.0,1228794383.0,1402054391.0,229,46.2048,25
Romania,ROU,GDP (current US$),NY.GDP.MKTP.CD,,,,,,,,,,,,,,,,,,,,,,,,,,,,38067567568.0,40424528302.0,41450777202.0,38247882300.0,28850634900.0,25121666667.0,26361160450.0,30072805104.0,37430162103.0,36937074278.0,35575214078.0,41696091974.0,35953156754.0,37253739511.0,40395116581.0,46065502703.0,57806384143.0,74973656852.0,98454380120.0,122024000000.0,174589000000.0,214316000000.0,174111000000.0,170064000000.0,192624000000.0,179117000000.0,189799000000.0,199722000000.0,177885000000.0,185291000000.0,210147000000.0,243469000000.0,251677000000.0,252034000000.0,286578000000.0,296354000000.0,350776000000.0,202,45.8917,26
Guinea-Bissau,GNB,GDP (current US$),NY.GDP.MKTP.CD,,,,,,,,,,,204670550.8,204167296.9,227986203.3,232331281.4,256769730.3,283311996.8,292152321.5,298871674.9,318876550.4,308143183.3,287648258.3,402230865.2,430284021.9,425225176.8,359980490.7,373959151.1,338524232.6,451893375.0,427514321.5,554072302.8,634187269.2,668470890.8,588309271.3,615779518.8,612502084.8,660195402.0,702965147.6,698107222.4,591034143.4,579365780.1,391345597.5,412610871.5,466773711.2,553614800.1,582169841.3,639776040.7,634781901.3,753162998.0,952667544.0,890167833.4,940112538.9,1157074319.0,1049412177.0,1109682824.0,1135250721.0,1152384167.0,1245074264.0,1469978606.0,1554133594.0,1588638854.0,1646400350.0,1853796456.0,1796608531.0,2048348108.0,88,45.8255,27
Nepal,NPL,GDP (current US$),NY.GDP.MKTP.CD,508334414.0,531959561.6,574091101.2,496947904.4,496098775.3,735267082.3,906811943.8,841974025.5,772231386.9,788641965.4,865975308.6,882765471.6,1024098400.0,972101725.0,1217953547.0,1575789254.0,1452788985.0,1382400000.0,1604162497.0,1851250008.0,1945916583.0,2275583317.0,2395423742.0,2447174803.0,2581207388.0,2619913956.0,2850782044.0,2957255380.0,3487009748.0,3525225787.0,3627560239.0,3921476085.0,3401211581.0,3660041667.0,4066775510.0,4401104418.0,4521580381.0,4918691917.0,4856255044.0,5033642384.0,5494252208.0,6007055042.0,6050875807.0,6330473097.0,7273938315.0,8130258378.0,9043715356.0,10325618017.0,12545438605.0,12854985464.0,16002656434.0,21573872421.0,21703100877.0,22162204925.0,22731612922.0,24360801287.0,24524109484.0,28971588940.0,33111525237.0,34186180699.0,33433659301.0,36924841394.0,41182939601.0,40908073367.0,179,45.8244,28
Zimbabwe,ZWE,GDP (current US$),NY.GDP.MKTP.CD,1052990400.0,1096646600.0,1117601600.0,1159511700.0,1217138000.0,1311435800.0,1281749500.0,1397002000.0,1479599900.0,1747998800.0,1884206300.0,2178716300.0,2677729400.0,3309353600.0,3982161400.0,4371300700.0,4318372000.0,4364382100.0,4351600500.0,5177459400.0,6678868200.0,8011373800.0,8539700700.0,7764067000.0,6352125900.0,5637259300.0,6217523700.0,6741215100.0,7814784100.0,8286322700.0,8783816700.0,8641481700.0,6751472200.0,6563813300.0,6890675000.0,7111270700.0,8553146600.0,8529571600.0,6401968200.0,6858013100.0,6689957600.0,6777384700.0,6342116400.0,5727591800.0,5805598400.0,5755215200.0,5443896500.0,5291950100.0,4415702800.0,9665793300.0,12041655200.0,14101920300.0,17114849900.0,19091020000.0,19495519600.0,19963120600.0,20548678100.0,51074660513.0,34156069918.0,25717409842.0,26867936445.0,27240515109.0,32789751736.0,35231367886.0,266,45.8124,29
Cote d'Ivoire,CIV,GDP (current US$),NY.GDP.MKTP.CD,546203559.3,618245634.2,645284473.7,761047198.0,921063326.6,919771228.8,1024102880.0,1082922725.0,1281281277.0,1361360293.0,1455482795.0,1584128509.0,1849400402.0,2508421426.0,3070152309.0,3893839190.0,4662053825.0,6265068189.0,7900526298.0,9142933967.0,10175617609.0,8432589942.0,7567110849.0,6838184773.0,6841639247.0,6977650644.0,9158302100.0,10087654465.0,10255169806.0,9757410645.0,10795850583.0,10492628581.0,11152971274.0,11045760288.0,8313557510.0,11000146267.0,18071152831.0,18047558038.0,19619654756.0,18870992456.0,16577533892.0,16810537044.0,18054383321.0,21251754340.0,23510575681.0,24036918703.0,25281413263.0,28760090953.0,34078240293.0,33886813250.0,34936307980.0,36693710801.0,36302302877.0,42760235485.0,48843005614.0,45815005169.0,48407761037.0,52512343997.0,58522477787.0,60382894697.0,63027852805.0,72794636654.0,70173140101.0,78875489245.0,42,45.7877,30
Albania,ALB,GDP (current US$),NY.GDP.MKTP.CD,,,,,,,,,,,,,,,,,,,,,1578102105.0,1808177156.0,1861163170.0,1881412587.0,1857337995.0,1897050117.0,2097326250.0,2080796250.0,2051236250.0,2253090000.0,2028553750.0,1099559028.0,652174990.8,1185315468.0,1880950864.0,2392764853.0,3199640815.0,2258513974.0,2545964541.0,3212121651.0,3480355258.0,3922100794.0,4348068242.0,5611496257.0,7184685782.0,8052077248.0,8896075005.0,10677324853.0,12881352894.0,12044205550.0,11926926616.0,12890760315.0,12319834195.0,12776224497.0,13228147516.0,11386853113.0,11861199831.0,13019726212.0,15379509892.0,15585105131.0,15241458745.0,18032010564.0,19017242586.0,23547179830.0,6,45.742,31
Bulgaria,BGR,GDP (current US$),NY.GDP.MKTP.CD,,,,,,,,,,,,,,,,,,,,,19839230769.0,19870000000.0,19342000000.0,16563666667.0,17594944444.0,17155421053.0,20249294118.0,28101000000.0,22555941176.0,21988444444.0,20632090909.0,10943548387.0,10350515464.0,10832064942.0,9697416974.0,18991484420.0,12294964838.0,11316127379.0,15031055047.0,13627325461.0,13245990274.0,14183446026.0,16403043850.0,21144957990.0,26157743369.0,29868657858.0,34380536496.0,44432811756.0,54480684188.0,52023801230.0,50760929303.0,57737040780.0,54288135059.0,55852123990.0,57157782910.0,50811995689.0,53964253212.0,59309748166.0,66289266349.0,68631726289.0,70716821235.0,84417951261.0,90642851836.0,102408000000.0,22,45.4612,32
Rwanda,RWA,GDP (current US$),NY.GDP.MKTP.CD,119000024.0,122000016.0,125000008.0,128000000.0,129999994.0,148799980.0,124525702.9,159560018.0,172200018.0,188700037.0,219900006.0,222952504.4,246457838.3,290746157.1,308458423.2,571863500.2,637753853.1,746650613.0,905709076.4,1109346131.0,1254765642.0,1407062527.0,1407243139.0,1479687587.0,1587413084.0,1715626331.0,1944710684.0,2157432668.0,2395492687.0,2405022593.0,2550185679.0,1911600237.0,2029026962.0,1971525712.0,753636370.5,1293535193.0,1382334879.0,1851558197.0,1989343546.0,2157108263.0,2068836754.0,1966600715.0,1966003468.0,2138237279.0,2376496067.0,2933819766.0,3319784539.0,4070507895.0,5179854065.0,5674476969.0,6124756654.0,6884913658.0,7654761574.0,7819963716.0,8238966064.0,8543759678.0,8695272301.0,9252834336.0,9637904655.0,10349300380.0,10174387374.0,11069280650.0,13316160895.0,14097768472.0,204,44.5305,33
East Asia & Pacific (excluding high income),EAP,GDP (current US$),NY.GDP.MKTP.CD,80752362534.0,71139478707.0,64884938432.0,70180391291.0,81068677593.0,94462962774.0,103348000000.0,100344000000.0,101445000000.0,114075000000.0,127031000000.0,136421000000.0,155335000000.0,195394000000.0,221436000000.0,248514000000.0,252685000000.0,291242000000.0,282673000000.0,327297000000.0,377611000000.0,403202000000.0,423461000000.0,443397000000.0,480419000000.0,526023000000.0,524630000000.0,518551000000.0,575591000000.0,622223000000.0,666707000000.0,723516000000.0,811406000000.0,890618000000.0,1071870000000.0,1322030000000.0,1518330000000.0,1570610000000.0,1433200000000.0,1577920000000.0,1736180000000.0,1847280000000.0,2044580000000.0,2314250000000.0,2683480000000.0,3108470000000.0,3743850000000.0,4733260000000.0,5988920000000.0,6493360000000.0,7903110000000.0,9653900000000.0,10763700000000.0,11874600000000.0,12805500000000.0,13329400000000.0,13621100000000.0,14888300000000.0,16648900000000.0,17222800000000.0,17496300000000.0,20849900000000.0,21124900000000.0,21162800000000.0,62,43.8893,34
East Asia & Pacific (IDA & IBRD countries),TEA,GDP (current US$),NY.GDP.MKTP.CD,80669679177.0,71066638103.0,64818501930.0,70108532708.0,80985670357.0,94366240962.0,103242000000.0,100241000000.0,101342000000.0,113958000000.0,126901000000.0,136282000000.0,155176000000.0,195191000000.0,221211000000.0,248262000000.0,252430000000.0,290940000000.0,282385000000.0,326958000000.0,377214000000.0,402781000000.0,423019000000.0,442929000000.0,479908000000.0,525456000000.0,524070000000.0,518006000000.0,574990000000.0,621581000000.0,666024000000.0,722767000000.0,810544000000.0,889640000000.0,1070670000000.0,1320530000000.0,1516600000000.0,1568820000000.0,1431580000000.0,1576110000000.0,1734180000000.0,1845150000000.0,2042200000000.0,2311530000000.0,2680310000000.0,3104790000000.0,3739380000000.0,4727550000000.0,5981640000000.0,6485450000000.0,7893430000000.0,9642050000000.0,10750500000000.0,11860100000000.0,12789800000000.0,13313000000000.0,13604400000000.0,14870000000000.0,16628500000000.0,17201600000000.0,17474700000000.0,20824100000000.0,21098800000000.0,21136700000000.0,231,43.8886,35
Panama,PAN,GDP (current US$),NY.GDP.MKTP.CD,537147100.0,599026300.0,652120900.0,722784500.0,776137500.0,852485300.0,928833000.0,1034376400.0,1112791100.0,1221305700.0,1351006400.0,1523917200.0,1673411700.0,1913793400.0,2188307600.0,2435304100.0,2588106000.0,2738261900.0,3244558600.0,3704551600.0,4614086400.0,5222421500.0,5769767900.0,5923755900.0,6183387100.0,6541517100.0,6797834200.0,6827665300.0,5902783400.0,5918469800.0,6433967000.0,7074675500.0,8042337700.0,8782585400.0,9365289800.0,9573813700.0,9197503300.0,10058854400.0,11019557700.0,11660704800.0,11966497000.0,12252906300.0,12800851300.0,13603456000.0,15100203400.0,16623906700.0,18659721500.0,21717433800.0,25721328000.0,27791215500.0,30231009500.0,35687738300.0,41595439700.0,46949496500.0,51427104900.0,55767806100.0,59760858700.0,64327688800.0,67316471200.0,69778991200.0,57059846500.0,67396392500.0,76276116700.0,83318176900.0,186,43.6504,36
Georgia,GEO,GDP (current US$),NY.GDP.MKTP.CD,,,,,,,,,,,,,,,,,,,,,,,,,,,,7321981334.0,8833588173.0,8902632715.0,7735927264.0,6339735099.0,3690328964.0,2701181331.0,2513870587.0,2693731866.0,3094935187.0,3510520231.0,3613497317.0,2800025883.0,3057475335.0,3219462262.0,3395766678.0,3991377904.0,5125365192.0,6410912050.0,7745250734.0,10172931089.0,12795145131.0,10766920066.0,12426907967.0,15475290469.0,16894392033.0,17517660144.0,17966015109.0,15223796149.0,15444548902.0,16473125375.0,17902544881.0,17638337117.0,16010869216.0,18853115589.0,24984568960.0,30777833585.0,83,43.0835,37
IDA only,IDX,GDP (current US$),NY.GDP.MKTP.CD,32343504361.0,33970460025.0,36658956625.0,41315052548.0,39065472509.0,44397047434.0,47770714375.0,48583116647.0,51565890265.0,57400472252.0,56813820897.0,60208693259.0,62734080532.0,76232074767.0,95310883144.0,113723000000.0,108796000000.0,121004000000.0,141384000000.0,154936000000.0,173995000000.0,179304000000.0,181372000000.0,181335000000.0,185540000000.0,195844000000.0,178035000000.0,185384000000.0,196624000000.0,202603000000.0,232316000000.0,250332000000.0,210975000000.0,219523000000.0,213940000000.0,224473000000.0,243008000000.0,253399000000.0,262050000000.0,268179000000.0,291563000000.0,286237000000.0,303914000000.0,342662000000.0,388003000000.0,441786000000.0,508733000000.0,603944000000.0,730926000000.0,743350000000.0,844219000000.0,944683000000.0,948382000000.0,1033140000000.0,1104940000000.0,1101360000000.0,1164590000000.0,1256380000000.0,1338360000000.0,1409010000000.0,1426190000000.0,1554300000000.0,1677110000000.0,1814050000000.0,108,43.0479,38
Kenya,KEN,GDP (current US$),NY.GDP.MKTP.CD,791265459.5,792959472.8,868111400.8,926589349.4,998759334.5,997919320.8,1164519674.0,1232559507.0,1353295459.0,1458379417.0,1603447359.0,1778391289.0,2107279157.0,2509001324.0,2969958812.0,3259345083.0,3474542392.0,4494378764.0,5303735111.0,6234391113.0,7265315820.0,6854491706.0,6431579357.0,5979198314.0,6191437070.0,6135034214.0,7239126568.0,7970820369.0,8355380879.0,8283114514.0,8572359038.0,8151488783.0,8209120763.0,5751786643.0,7148148564.0,9046320255.0,12045865396.0,13115764358.0,14093998844.0,12896010459.0,12705350098.0,12986007426.0,13147736899.0,14904517650.0,16095337094.0,18737895513.0,25825512284.0,31958195182.0,35895153328.0,42347217913.0,45405615064.0,46869473151.0,56396704672.0,61671440408.0,68285796514.0,70120446897.0,74815144164.0,82036510877.0,92202979985.0,100378000000.0,100658000000.0,109704000000.0,114449000000.0,108039000000.0,122,42.9174,39
"Gambia, The",GMB,GDP (current US$),NY.GDP.MKTP.CD,,,,,,,44212081.35,46695006.96,41160065.86,45168072.27,52296083.67,55728663.22,59160569.48,75187749.1,95796021.69,115179719.1,112190829.5,138093099.1,171833086.0,207112627.7,241083090.3,218767743.5,216050552.3,213448584.9,177340880.1,225726358.9,185646986.8,220626484.2,266672211.9,284120329.4,317083695.5,690311080.5,714254256.1,755040974.1,746493951.9,785999864.8,848239446.2,803633342.5,840285264.6,814724032.1,782913871.8,687410645.1,578235309.3,487038685.0,961900651.4,1027701068.0,1054112488.0,1279703047.0,1561766956.0,1450142509.0,1543294927.0,1409693597.0,1415004738.0,1375609453.0,1229461721.0,1378176609.0,1484578886.0,1504909463.0,1670671328.0,1813609692.0,1812170891.0,2014158842.0,2204734528.0,2396111022.0,87,42.5899,40
Moldova,MDA,GDP (current US$),NY.GDP.MKTP.CD,,,,,,,,,,,,,,,,,,,,,,,,,,,,,,,3592857043.0,3094565871.0,2319243436.0,2371813015.0,1702314268.0,1752999370.0,1695122174.0,1930081169.0,1698717505.0,1170782957.0,1288429392.0,1480673594.0,1661818168.0,1980907435.0,2598249556.0,2988342907.0,3408255451.0,4401173152.0,6054824248.0,5439434272.0,6974982370.0,8414352020.0,8709138635.0,9496717876.0,9402090138.0,7797667197.0,7980917076.0,9514404016.0,11252353421.0,11736797055.0,11530746234.0,13691869264.0,14510490660.0,16539436547.0,151,42.5814,41
Tanzania,TZA,GDP (current US$),NY.GDP.MKTP.CD,2651729807.0,2826179031.0,3101589993.0,3456579293.0,3748840925.0,3817226546.0,4377998825.0,4565132048.0,4895251824.0,5142066811.0,2851419386.0,3050673517.0,3472787266.0,4144104535.0,4977337978.0,5729917840.0,6472511988.0,7732598995.0,9261675710.0,9804637491.0,11409228087.0,13161540378.0,13927383240.0,14049883809.0,12906635133.0,15328295175.0,10840864521.0,7824193222.0,7406614407.0,6418799007.0,6184384225.0,7197768159.0,6681997469.0,6182872708.0,6550480484.0,7631431840.0,9433528150.0,11158197942.0,12172790056.0,12704334196.0,13371767082.0,13563990022.0,14129651896.0,15211487709.0,16673062473.0,18395383647.0,18619859795.0,21860434823.0,27947821398.0,29400573554.0,32012892919.0,34657140096.0,39650394363.0,45648857242.0,49986726461.0,47413919817.0,49774409374.0,53274884533.0,57003712892.0,61026731926.0,66068737786.0,70655628148.0,75769974505.0,79062403821.0,247,42.2622,42
Israel,ISR,GDP (current US$),NY.GDP.MKTP.CD,3064824614.0,3701628228.0,2960588778.0,3529314756.0,4016794166.0,4320961974.0,4694475521.0,4753451344.0,5448186540.0,6286036401.0,7392816015.0,7041133471.0,9206101184.0,11882380396.0,17142653330.0,16114210526.0,15927976744.0,18224638345.0,17668930043.0,22569139913.0,25349508550.0,26833679976.0,29202655837.0,32616995896.0,30590497936.0,28853757189.0,35769715530.0,42972129787.0,52556269374.0,52349172912.0,61905208273.0,70871081525.0,79314801236.0,79712276314.0,90576930829.0,105308000000.0,114867000000.0,119246000000.0,120358000000.0,121167000000.0,136225000000.0,134621000000.0,125055000000.0,131315000000.0,139899000000.0,147103000000.0,158723000000.0,184069000000.0,220552000000.0,212454000000.0,238913000000.0,267406000000.0,262918000000.0,297634000000.0,314090000000.0,302723000000.0,320959000000.0,357227000000.0,375150000000.0,399651000000.0,411729000000.0,489708000000.0,525000000000.0,513611000000.0,116,42.0507,43
Lithuania,LTU,GDP (current US$),NY.GDP.MKTP.CD,,,,,,,,,,,,,,,,,,,,,,,,,,,,,,,,,,,,7921210340.0,8430207164.0,10168271903.0,11289161847.0,11022095814.0,11550695727.0,12260761329.0,14282292665.0,18809197970.0,22743164431.0,26105207115.0,30116192747.0,39729151615.0,47831254208.0,37494380039.0,36638128534.0,43186501863.0,42709372067.0,46303660422.0,48306546657.0,41540954817.0,42970749245.0,47756764508.0,54261795149.0,55122066226.0,57412038533.0,67037321009.0,71033884500.0,79789877416.0,144,41.968,44
Heavily indebted poor countries (HIPC),HPC,GDP (current US$),NY.GDP.MKTP.CD,21764253547.0,22459725995.0,24435087668.0,28732775854.0,26726934295.0,30246756298.0,32811712440.0,32315295747.0,34802452165.0,38302993161.0,36973668689.0,39841483301.0,44348097941.0,54318704968.0,64029660441.0,72125062329.0,77321795803.0,89631346610.0,105361000000.0,115827000000.0,126982000000.0,127628000000.0,129595000000.0,128680000000.0,131410000000.0,138000000000.0,126979000000.0,135407000000.0,142084000000.0,144595000000.0,166146000000.0,179597000000.0,136823000000.0,142007000000.0,121488000000.0,141419000000.0,154144000000.0,161384000000.0,166851000000.0,167809000000.0,181381000000.0,175230000000.0,190151000000.0,215719000000.0,248551000000.0,284756000000.0,334033000000.0,398671000000.0,473751000000.0,470141000000.0,510517000000.0,565720000000.0,586350000000.0,657860000000.0,696366000000.0,668869000000.0,675915000000.0,726226000000.0,776506000000.0,805115000000.0,813140000000.0,905797000000.0,983602000000.0,1129950000000.0,99,41.7797,45
Costa Rica,CRI,GDP (current US$),NY.GDP.MKTP.CD,507513830.0,490325181.6,479180824.3,511902136.8,542578367.2,592981162.3,647305630.2,699456618.9,773841494.3,853630203.8,984830158.5,1077147538.0,1238251696.0,1528925846.0,1666544754.0,1960863466.0,2412555426.0,3072427013.0,3523208810.0,4035519323.0,4831447001.0,2623803096.0,2606623555.0,3146772631.0,3660477856.0,3919203960.0,4418983871.0,4532952047.0,4614629898.0,5251025767.0,5711687787.0,7215725487.0,8579754758.0,9564815975.0,10489903725.0,11578594260.0,11678424507.0,12614602382.0,13684255947.0,14254866285.0,15013629662.0,15976174337.0,16578820687.0,17271760507.0,18610594846.0,20040642477.0,22715540324.0,26884700709.0,30801745700.0,30745714313.0,37658616952.0,42762613699.0,47231655432.0,50949668842.0,52016408854.0,56441920821.0,58847019610.0,60516044657.0,62420164992.0,64417670521.0,62395610760.0,64960725734.0,69243626029.0,86497941439.0,49,41.0972,46
Least developed countries: UN classification,LDC,GDP (current US$),NY.GDP.MKTP.CD,28148829118.0,29432612774.0,31868585551.0,36603859244.0,33226930963.0,37381495080.0,40736300263.0,41407222625.0,44200347555.0,48901412126.0,47327420634.0,49720273645.0,51425857359.0,62590393466.0,77945457923.0,93834520022.0,86437474054.0,95129401296.0,111951000000.0,122673000000.0,134811000000.0,138168000000.0,139980000000.0,138437000000.0,140714000000.0,153713000000.0,133806000000.0,142224000000.0,155884000000.0,167203000000.0,192395000000.0,207656000000.0,164555000000.0,170444000000.0,167403000000.0,171634000000.0,180837000000.0,188826000000.0,191416000000.0,197361000000.0,224234000000.0,216146000000.0,236414000000.0,267725000000.0,307548000000.0,362566000000.0,419650000000.0,503961000000.0,617621000000.0,611892000000.0,691455000000.0,788790000000.0,825499000000.0,899012000000.0,966978000000.0,928551000000.0,944492000000.0,1033700000000.0,1100880000000.0,1161860000000.0,1172750000000.0,1280240000000.0,1436390000000.0,1516990000000.0,136,40.7371,47
Uganda,UGA,GDP (current US$),NY.GDP.MKTP.CD,423145605.0,441667334.6,449158233.4,516315231.4,589247687.3,884502310.0,925381492.4,967240655.2,1037379252.0,1168556629.0,1259554809.0,1417191656.0,1490970181.0,1701829789.0,2098944967.0,2359555556.0,2447300000.0,2936470588.0,2420260870.0,2139025000.0,1244610000.0,1337300000.0,2177500000.0,2240333333.0,3615647477.0,3519695444.0,3923244050.0,6269522042.0,6508931652.0,5276480799.0,4304399310.0,3321729160.0,2857457762.0,3220439044.0,3990430447.0,5755818842.0,6044585327.0,6269333313.0,6584815847.0,5998563258.0,6193246837.0,5840503869.0,6178563591.0,6606884275.0,7939487548.0,9239221763.0,9977647683.0,11902564495.0,14440404132.0,25127805567.0,26673441431.0,27871725241.0,27305915911.0,28915786517.0,32612397257.0,32387183730.0,29203988696.0,30744473841.0,32927025620.0,35348155095.0,37600368242.0,40529788749.0,45565333211.0,48768955863.0,248,40.7086,48
Montenegro,MNE,GDP (current US$),NY.GDP.MKTP.CD,,,,,,,,,,,,,,,,,,,,,,,,,,,,,,,,,,,,,,838289118.8,854261160.7,828950327.4,984293043.8,1159869246.0,1284685051.0,1707710053.0,2073234418.0,2257174481.0,2721903149.0,3680711744.0,4545674528.0,4159330370.0,4142983843.0,4544428421.0,4087526242.0,4465772400.0,4593853291.0,4054730078.0,4376930578.0,4856599481.0,5506942238.0,5542054181.0,4769996866.0,5861427505.0,6229801581.0,7530593375.0,163,40.6983,49
Low income,LIC,GDP (current US$),NY.GDP.MKTP.CD,14591716826.0,14789797832.0,16516574418.0,20520875295.0,16721795098.0,19450146960.0,20568317800.0,19909314040.0,21546718490.0,24683966857.0,25496166644.0,28190693616.0,31426720690.0,37392263614.0,46086997826.0,53368246403.0,56273157667.0,65067643587.0,75076026525.0,79744980212.0,87616582562.0,89890316956.0,90973456713.0,88644975378.0,86806369834.0,83939638149.0,88150825152.0,92853123714.0,99744432659.0,107445000000.0,131927000000.0,146616000000.0,102606000000.0,110262000000.0,103190000000.0,95736608114.0,92511396652.0,98801581862.0,99794797965.0,100712000000.0,123884000000.0,117058000000.0,128765000000.0,143795000000.0,168046000000.0,200687000000.0,233311000000.0,284149000000.0,341905000000.0,340324000000.0,374460000000.0,406243000000.0,384272000000.0,396288000000.0,424195000000.0,417757000000.0,385207000000.0,403454000000.0,420211000000.0,447115000000.0,442702000000.0,474823000000.0,547200000000.0,663529000000.0,137,40.2757,50
Niger,NER,GDP (current US$),NY.GDP.MKTP.CD,449526873.3,485785231.0,531736599.3,586294878.7,582816396.4,673383510.8,702296078.6,665586872.3,641214226.2,625867985.3,649916621.2,693573703.6,742779660.8,946385105.2,1026137111.0,1048690933.0,1064517601.0,1291458041.0,1774365590.0,2109277666.0,2508524721.0,2170893414.0,2017612216.0,1803099561.0,1461243326.0,1440581652.0,1904096998.0,2233006105.0,2280356193.0,2179567114.0,3512356508.0,3285796875.0,3386232579.0,3052673849.0,1938058175.0,2302537562.0,2405686940.0,2290318910.0,2643363519.0,2537789821.0,2241753193.0,2448714704.0,2782192879.0,3394084732.0,3760443738.0,4383315965.0,4756361252.0,5731485052.0,7297600226.0,7352131310.0,7851192502.0,8772950778.0,9426912648.0,10224897438.0,10862943544.0,9683867926.0,10398861982.0,11185104252.0,12837307497.0,12889555561.0,13744653103.0,14915002436.0,15433852712.0,16819170421.0,174,39.2069,51
United States,USA,GDP (current US$),NY.GDP.MKTP.CD,541989000000.0,561940000000.0,603639000000.0,637059000000.0,684145000000.0,741905000000.0,813033000000.0,859620000000.0,940225000000.0,1017440000000.0,1073300000000.0,1164850000000.0,1279110000000.0,1425380000000.0,1545240000000.0,1684900000000.0,1873410000000.0,2081830000000.0,2351600000000.0,2627330000000.0,2857310000000.0,3207040000000.0,3343790000000.0,3634040000000.0,4037610000000.0,4338980000000.0,4579630000000.0,4855220000000.0,5236440000000.0,5641580000000.0,5963140000000.0,6158130000000.0,6520330000000.0,6858560000000.0,7287240000000.0,7639750000000.0,8073120000000.0,8577550000000.0,9062820000000.0,9631170000000.0,10251000000000.0,10581900000000.0,10929100000000.0,11456500000000.0,12217200000000.0,13039200000000.0,13815600000000.0,14474200000000.0,14769900000000.0,14478100000000.0,15049000000000.0,15599700000000.0,16254000000000.0,16880700000000.0,17608100000000.0,18295000000000.0,18804900000000.0,19612100000000.0,20656500000000.0,21540000000000.0,21354100000000.0,23681200000000.0,26006900000000.0,27720700000000.0,252,39.1044,52
Nauru,NRU,GDP (current US$),NY.GDP.MKTP.CD,,,,,,,,,,,17570366.22,19009433.31,21734268.69,26529816.78,35994511.42,40106775.91,40287427.2,40444701.77,41754147.3,44431330.23,46947124.23,51689636.6,52877742.47,48439093.12,47363231.3,41548740.51,39939390.74,40118409.87,45931133.59,53736786.09,55572375.53,52533788.56,51133123.13,43542088.25,39742511.24,39969705.97,37458801.21,37331507.28,29664450.93,27328612.61,26930980.34,22613287.54,21017423.61,24778159.58,30587565.8,30070666.07,29200359.39,22766972.19,37602264.73,44176245.55,47562844.61,65444173.78,100794924.7,94385014.94,98752257.05,84383388.64,97276023.08,108862278.5,130937589.8,124871111.4,124530027.3,175513984.5,156803087.3,154170289.3,180,38.7787,53
Senegal,SEN,GDP (current US$),NY.GDP.MKTP.CD,1003692370.0,1058975257.0,1085475791.0,1122139862.0,1188930645.0,1210058228.0,1246908186.0,1246480766.0,1309384862.0,1245234931.0,1297407655.0,1339549033.0,1620857104.0,1863398590.0,2099325229.0,2830388405.0,2869777884.0,2938046463.0,3280354921.0,4084877823.0,4510108291.0,4095892781.0,4013951443.0,3569356125.0,3485165432.0,3818944918.0,5392093446.0,6487353103.0,6418419389.0,6366039373.0,7390967360.0,7255210470.0,7769817840.0,7367986241.0,5034588196.0,6326342633.0,6559712166.0,6041478726.0,6505607909.0,6592834933.0,6013185004.0,6507824829.0,7006402320.0,8768721563.0,10076816667.0,11009033438.0,11697918243.0,13994218413.0,16853989628.0,16145867495.0,16121315909.0,17814283639.0,17660870412.0,18918667725.0,19797253440.0,17774766696.0,19040312333.0,20996562944.0,23116701556.0,23403995992.0,24530513038.0,27520784130.0,27619479060.0,30848333084.0,208,38.672,54
Singapore,SGP,GDP (current US$),NY.GDP.MKTP.CD,704751700.3,764629788.1,826239211.8,917608012.5,894153311.4,974644096.1,1096425608.0,1238035816.0,1425706091.0,1659893768.0,1920574150.0,2263785444.0,2721440981.0,3696213333.0,5221534956.0,5633673930.0,6327077974.0,6618585074.0,7517176355.0,9296921724.0,11896256783.0,14175228844.0,16084252378.0,17784112150.0,19749361098.0,19156532746.0,18586746057.0,20919215578.0,25371462488.0,30465364739.0,36144336769.0,45466164978.0,52131320033.0,60603815716.0,73688724431.0,87812540788.0,96293086513.0,100124000000.0,85728207782.0,86286849755.0,96076539926.0,89793790670.0,92538372870.0,97646401096.0,115034000000.0,127808000000.0,148627000000.0,180942000000.0,193617000000.0,194150000000.0,239808000000.0,279356000000.0,295093000000.0,307576000000.0,314864000000.0,307999000000.0,319054000000.0,343257000000.0,376893000000.0,376902000000.0,349488000000.0,434112000000.0,498475000000.0,501428000000.0,209,38.66,55
Nicaragua,NIC,GDP (current US$),NY.GDP.MKTP.CD,227223322.1,244144236.7,269283803.7,297324163.1,347119918.2,564290020.4,607140010.5,657140010.7,692859984.6,750000002.9,778569938.8,828569953.5,878570045.5,1092900015.0,1521400012.0,1581599959.0,1836899999.0,2226999874.0,2127699979.0,1567599982.0,2144300006.0,2474700227.0,2454499872.0,2753100058.0,3117599872.0,2683699935.0,2885799994.0,3851200118.0,2630900096.0,1013184756.0,1009455476.0,1488804124.0,1792800000.0,1756454248.0,3863185119.0,4140470000.0,4308351903.0,4389973335.0,4635347386.0,4856026259.0,5109587050.0,5351752034.0,5223727303.0,5322228351.0,5792932838.0,6321324455.0,6763688875.0,7423419480.0,8496948184.0,8298687306.0,8758572306.0,9774320144.0,10531980451.0,10982954744.0,11880433903.0,12756685550.0,13286101094.0,13785924216.0,13025234821.0,12699028890.0,12681569254.0,14144060853.0,15649897117.0,17829218219.0,176,38.3991,56
Estonia,EST,GDP (current US$),NY.GDP.MKTP.CD,,,,,,,,,,,,,,,,,,,,,,,,,,,,,,,,,,4013091682.0,4123011420.0,4502970889.0,4786018988.0,5154420649.0,5674080543.0,5756912266.0,5686579748.0,6250218423.0,7370119619.0,9876595528.0,12148595031.0,14109491357.0,17025671810.0,22450264166.0,24342935404.0,19633984440.0,19524355419.0,23303915795.0,23237406116.0,25451032781.0,27055689003.0,23311847751.0,24561027788.0,27469461919.0,31222632741.0,31873748770.0,31820771494.0,37204563051.0,38376046175.0,41291245222.0,72,38.3622,57
Cayman Islands,CYM,GDP (current US$),NY.GDP.MKTP.CD,,,,,,,,,,,,,,,,,,,,,,,,,,,,,,,,,,,,,,,,,,,,,,,4200288241.0,4466278065.0,4585949024.0,4281714567.0,4156841107.0,4186073104.0,4291004524.0,4405796023.0,4562853611.0,4708167233.0,4909322237.0,5166281305.0,5530178441.0,5941896608.0,5655358021.0,6060026520.0,6600843963.0,7139428558.0,53,38.2892,58
Mongolia,MNG,GDP (current US$),NY.GDP.MKTP.CD,,,,,,,,,,,,,,,,,,,,,2101394100.0,2310099100.0,2552401933.0,2725736633.0,2098734600.0,2186505475.0,2896178867.0,3020611600.0,3204461567.0,3576966800.0,2560785660.0,2379018326.0,1317611864.0,768401634.2,925817092.2,1452165005.0,1345719472.0,1180934203.0,1124440205.0,1057408589.0,1136896124.0,1267997934.0,1396555720.0,1595297356.0,1992066808.0,2523471601.0,3414055662.0,4234999704.0,5623216608.0,4583850368.0,7189481999.0,10409797378.0,12292770632.0,12582122604.0,12226514668.0,11619892591.0,11181350649.0,11480847741.0,13178094720.0,14206359018.0,13312981429.0,15286441738.0,17146471714.0,20325121394.0,164,38.0957,59
Tuvalu,TUV,GDP (current US$),NY.GDP.MKTP.CD,,,,,,,,,,,2585955.874,2716989.584,2968457.944,3411915.439,4122328.666,4014748.054,3919072.23,3669419.592,3798781.863,4065659.434,4206128.134,4773017.532,4118945.162,4152550.304,4481977.903,3862851.883,4574706.212,5020513.499,7011059.371,8454523.247,9542900.901,10127313.91,10535028.14,10414399.96,11772610.66,11922614.2,13338597.33,13734210.1,13795146.21,14800503.26,15073975.53,13964732.33,16842672.6,19456338.03,22798274.98,22909979.82,24096875.46,28450168.69,31874434.86,28076983.97,32105408.48,39196957.49,39345579.47,38615890.63,38760982.65,36811936.08,41629064.22,45276595.35,48015259.88,54123198.57,51746594.31,60196405.71,59065982.09,62280311.59,246,37.9966,60
Serbia,SRB,GDP (current US$),NY.GDP.MKTP.CD,,,,,,,,,,,,,,,,,,,,,,,,,,,,,,,,,,,,17921892655.0,23277430168.0,27153408995.0,21004077441.0,20878694851.0,7326373882.0,13599378662.0,17930583571.0,23593044418.0,26845632342.0,28334256181.0,33298057362.0,44888028946.0,54220641202.0,46955984410.0,43536629233.0,51251098408.0,45103269969.0,50455529604.0,49114321280.0,41297410635.0,42225495910.0,45972834714.0,52787520249.0,53864693665.0,55874017669.0,66159884073.0,66797564758.0,81342660752.0,215,37.9716,61
Caribbean small states,CSS,GDP (current US$),NY.GDP.MKTP.CD,641146358.6,699601326.2,750604794.6,782562091.7,849473871.8,941356066.0,1067294932.0,1201948885.0,1259162890.0,1419535630.0,1495110053.0,1613161370.0,1698692041.0,1913764642.0,2187691183.0,2397842652.0,2458775081.0,2808968854.0,3226380514.0,3811626338.0,4640496435.0,4985368811.0,5152277682.0,5425283193.0,5931964823.0,6418682783.0,6979226683.0,7536665471.0,8248794624.0,8283187777.0,8505740261.0,8639379130.0,8803913216.0,9146907428.0,9841850114.0,10403406491.0,11182904174.0,14337614318.0,15600545086.0,16585437190.0,17471510858.0,17643048267.0,18692379239.0,19254397502.0,20288513844.0,22215175059.0,25930657641.0,28075119901.0,29403259498.0,28715218885.0,30378579904.0,31032622591.0,32709956406.0,33069159225.0,34129544764.0,35085992997.0,33933421225.0,35438120141.0,36727457620.0,38046955434.0,31763210393.0,37091445808.0,48740490013.0,53296161046.0,50,37.9521,62
Czechia,CZE,GDP (current US$),NY.GDP.MKTP.CD,,,,,,,,,,,,,,,,,,,,,,,,,,,,,,,41016881802.0,30071014282.0,35051065440.0,41155654032.0,48188478339.0,60572381311.0,67804105330.0,62539765163.0,67187217328.0,65586562605.0,62175642238.0,68135304464.0,82607869610.0,100436000000.0,120148000000.0,137264000000.0,156236000000.0,190041000000.0,236506000000.0,206972000000.0,211169000000.0,231429000000.0,210363000000.0,213024000000.0,210911000000.0,189108000000.0,198161000000.0,221564000000.0,251992000000.0,256794000000.0,251110000000.0,290973000000.0,301831000000.0,343208000000.0,55,37.9315,63
Seychelles,SYC,GDP (current US$),NY.GDP.MKTP.CD,12012024.62,11592023.76,12642025.92,13923028.54,15393031.56,15603031.99,16443033.71,16632032.13,16074027.65,16452028.3,18432031.7,21965950.77,30645122.92,36896280.48,43134496.16,47803145.95,49278981.76,64526401.46,85552365.8,127261099.2,156783829.5,163750728.2,157211789.7,156098237.0,160992921.0,179691482.7,221147061.3,265212956.8,301985618.1,324333366.5,392163560.9,398307169.9,461409398.9,504230620.6,517570058.2,540733047.7,535250347.1,598966982.4,647287375.8,662838614.9,654212394.3,662064155.9,742134837.5,750847230.1,893012218.2,977899381.8,1081441283.0,1077308814.0,979597394.3,850901620.4,981616542.3,1058918707.0,1089407839.0,1333160407.0,1387577870.0,1432403352.0,1568513348.0,1675370641.0,1784313927.0,1868690097.0,1382551752.0,1487173795.0,2057968520.0,2141450171.0,227,37.745,64
Central Europe and the Baltics,CEB,GDP (current US$),NY.GDP.MKTP.CD,,,,,,,,,,,,,,,,,,,,,,,,,,,,,,,272003000000.0,250082000000.0,256807000000.0,270242000000.0,308522000000.0,394610000000.0,417343000000.0,411041000000.0,449766000000.0,435931000000.0,429355000000.0,469451000000.0,528497000000.0,634386000000.0,763596000000.0,885829000000.0,1001430000000.0,1264330000000.0,1530370000000.0,1289530000000.0,1319800000000.0,1458460000000.0,1362240000000.0,1420300000000.0,1467440000000.0,1297120000000.0,1321230000000.0,1467420000000.0,1657630000000.0,1685120000000.0,1678760000000.0,1926800000000.0,1955930000000.0,2267760000000.0,37,37.3699,65
North America,NAC,GDP (current US$),NY.GDP.MKTP.CD,582625000000.0,603055000000.0,646056000000.0,682281000000.0,733740000000.0,796652000000.0,874400000000.0,925612000000.0,1012420000000.0,1097010000000.0,1161680000000.0,1264670000000.0,1392810000000.0,1557410000000.0,1706500000000.0,1859670000000.0,2081070000000.0,2294600000000.0,2571440000000.0,2871740000000.0,3132700000000.0,3515030000000.0,3659220000000.0,3976790000000.0,4395320000000.0,4706200000000.0,4959810000000.0,5289650000000.0,5747230000000.0,6210290000000.0,6560810000000.0,6772290000000.0,7116390000000.0,7439430000000.0,7869050000000.0,8247740000000.0,8706430000000.0,9235470000000.0,9699950000000.0,10312900000000.0,10999200000000.0,11324600000000.0,11693700000000.0,12356200000000.0,13248400000000.0,14217200000000.0,15141000000000.0,15949800000000.0,16329800000000.0,15859300000000.0,16672900000000.0,17399400000000.0,18088700000000.0,18733700000000.0,19420300000000.0,19858200000000.0,20339800000000.0,21268500000000.0,22389100000000.0,23291100000000.0,23016700000000.0,25695900000000.0,28176200000000.0,29871300000000.0,171,37.2853,66
Sint Maarten (Dutch part),SXM,GDP (current US$),NY.GDP.MKTP.CD,,,,,,,,,,,,,,,,,,,,,,,,,,,,,,,,,,,,,,,,,,,,,,,,,,854972067.0,892290502.8,936089385.5,985865921.8,1022905028.0,1361811508.0,1417888715.0,1427017207.0,1353212123.0,1259200447.0,1407880447.0,1236428101.0,1353071061.0,1537088715.0,1627776949.0,226,37.1594,67
Malawi,MWI,GDP (current US$),NY.GDP.MKTP.CD,,,,,,,,,,,,,,,,,,,,,1801156775.0,1801193910.0,1717379495.0,1780148049.0,1758028656.0,1646442273.0,1722586299.0,1721711808.0,2008189508.0,2314205130.0,2737087862.0,3206783830.0,2618837835.0,3013392658.0,1719864761.0,2033701498.0,3319573750.0,3875785863.0,2547609590.0,2584478924.0,2537307580.0,2498008665.0,5087328438.0,4669789300.0,5058726350.0,5320409651.0,5818279739.0,6451210219.0,7743617352.0,9009887947.0,10128323011.0,11648142958.0,8773203178.0,8031571928.0,8801326169.0,9219474379.0,7909868618.0,8943543794.0,9879231592.0,11051865580.0,11769313598.0,12378129751.0,12429060151.0,12712150082.0,169,36.8197,68
Lower middle income,LMC,GDP (current US$),NY.GDP.MKTP.CD,85185625016.0,90809724343.0,92221724755.0,102043000000.0,114689000000.0,122878000000.0,112147000000.0,119682000000.0,127003000000.0,140612000000.0,152289000000.0,158605000000.0,169313000000.0,199171000000.0,246364000000.0,269879000000.0,285348000000.0,320626000000.0,362636000000.0,420476000000.0,512442000000.0,636335000000.0,632352000000.0,599196000000.0,575490000000.0,614637000000.0,617440000000.0,672948000000.0,694158000000.0,679846000000.0,739097000000.0,707214000000.0,738102000000.0,746952000000.0,839706000000.0,997456000000.0,1136320000000.0,1192030000000.0,1217730000000.0,1122830000000.0,1185570000000.0,1198120000000.0,1264220000000.0,1434280000000.0,1649980000000.0,1901030000000.0,2226450000000.0,2725020000000.0,3014460000000.0,3143240000000.0,3782640000000.0,4221080000000.0,4460330000000.0,4717340000000.0,5095590000000.0,5089670000000.0,5304010000000.0,5741380000000.0,5994120000000.0,6298710000000.0,6102310000000.0,6911860000000.0,7371400000000.0,7439510000000.0,140,36.5907,69
Benin,BEN,GDP (current US$),NY.GDP.MKTP.CD,226195578.4,235668220.5,236434954.0,253927697.3,269819005.9,289908680.4,302925235.2,306221953.1,326323105.3,330748244.5,333627713.5,335073027.5,410331857.0,504376074.2,554654860.7,676870140.3,698408261.9,750049778.8,928843469.4,1186231020.0,1405251847.0,1291120188.0,1267778670.0,1095348199.0,1051134009.0,1045712789.0,1336102025.0,1562412228.0,1620246084.0,1502294416.0,1959965330.0,1986437797.0,1695315306.0,2274558083.0,1598075944.0,2169627138.0,2361116449.0,2268301646.0,2455092686.0,3677393999.0,3519991440.0,3666222635.0,4194342686.0,5349258094.0,6190270380.0,6567654954.0,7034111315.0,8169048383.0,9787734526.0,9738626517.0,9535345011.0,10693321370.0,11141358106.0,12517845128.0,13284527850.0,11388160997.0,11821065852.0,12701655846.0,14262408080.0,14391686309.0,15651545209.0,17690083520.0,17401746309.0,19676049076.0,19,36.3803,70
Hungary,HUN,GDP (current US$),NY.GDP.MKTP.CD,,,,,,,,,4870283626.0,5412100260.0,5762071728.0,6271045034.0,7355242314.0,9108483161.0,9983664739.0,11383139029.0,13192437321.0,14735449497.0,17230354545.0,19894622393.0,23041569235.0,23628554957.0,24062916721.0,21838893331.0,21173432185.0,21440475720.0,24697337084.0,27143185297.0,29702631094.0,30323270274.0,34365891769.0,34753569693.0,38730585922.0,40124916941.0,43166678735.0,46425677734.0,46658755152.0,47296952929.0,48706787306.0,49073380174.0,47218405892.0,53749989092.0,67608919144.0,85285062818.0,104121000000.0,113211000000.0,115716000000.0,140187000000.0,158326000000.0,131069000000.0,132175000000.0,141942000000.0,128814000000.0,135684000000.0,141034000000.0,125174000000.0,128610000000.0,143112000000.0,160566000000.0,164020000000.0,157289000000.0,182110000000.0,177006000000.0,212389000000.0,102,36.1153,71
Grenada,GRD,GDP (current US$),NY.GDP.MKTP.CD,,,,,,,,,,,,,,,,,,71494495.19,88322386.3,102244362.2,110900457.0,115651918.9,125435590.0,131803552.2,145533310.7,167728455.2,187589522.6,215009569.6,236357523.7,267327642.2,278098763.0,300757888.9,310160444.4,309812185.2,325111814.8,342172518.5,366911444.4,392190592.6,445903592.6,482009370.4,520044370.4,520444185.2,540336925.9,591018407.4,599118592.6,695555555.6,698700666.7,758683592.6,825976037.0,771275555.6,771014814.8,778655555.6,799881481.5,842618518.5,911496296.3,997007407.4,1061640741.0,1125685185.0,1166514815.0,1213485185.0,1043411111.0,1122800000.0,1224577778.0,1316733333.0,91,36.0069,72
Poland,POL,GDP (current US$),NY.GDP.MKTP.CD,,,,,,,,,,,,,,,,,,,,,,,,,,,,,,,65977748211.0,85500935935.0,94337050693.0,96043157273.0,110804000000.0,142839000000.0,160813000000.0,159894000000.0,175282000000.0,170704000000.0,172954000000.0,191823000000.0,199694000000.0,218561000000.0,256269000000.0,307000000000.0,345898000000.0,429715000000.0,535612000000.0,440891000000.0,478112000000.0,527849000000.0,498149000000.0,518180000000.0,542134000000.0,480054000000.0,473260000000.0,528357000000.0,594617000000.0,602684000000.0,605914000000.0,689170000000.0,695607000000.0,809201000000.0,191,35.964,73
Mali,MLI,GDP (current US$),NY.GDP.MKTP.CD,,,,,,,,275494477.6,343771973.0,339913867.1,359772315.1,395218628.9,486617280.3,563683703.3,538747340.0,830710615.2,939228017.2,1049838548.0,1222702573.0,1595422956.0,1759691186.0,1538972424.0,1333754225.0,1297765326.0,1232932104.0,1392196048.0,1852163453.0,2090629987.0,2169040603.0,2181821909.0,2681912149.0,2724131458.0,2830673378.0,2818281085.0,2081846498.0,2706425157.0,2780422049.0,2697105823.0,2920358711.0,3440724710.0,2961484954.0,3468337942.0,3908121307.0,4714071980.0,5454249126.0,6247515888.0,6905934218.0,8156468826.0,9838403101.0,10231962390.0,10689168016.0,12995112690.0,12442035339.0,13242690786.0,14364937124.0,13104764378.0,14026048336.0,15365713048.0,17070867590.0,17280250810.0,17465392764.0,19309463508.0,18780322204.0,20661794596.0,159,35.9074,74
Kosovo,XKX,GDP (current US$),NY.GDP.MKTP.CD,,,,,,,,,,,,,,,,,,,,,,,,,,,,,,,,,,,,,,,,,,,,,,,,,5181776769.0,5015894693.0,5343950556.0,6341613610.0,6163484245.0,6735328610.0,7074394735.0,6295848423.0,6682677290.0,7180764703.0,7878759715.0,7899737577.0,7717145218.0,9413403724.0,9354903062.0,10468219225.0,262,35.6593,75
El Salvador,SLV,GDP (current US$),NY.GDP.MKTP.CD,,,,,,877720000.0,929520000.0,976200000.0,1009760100.0,1049400000.0,1132920000.0,1186120000.0,1263720000.0,1442320000.0,1665880000.0,1884120100.0,2328280100.0,2941640100.0,3127960000.0,3463639900.0,3573959900.0,3437200200.0,3399189100.0,3506347800.0,3661683400.0,3800368600.0,3771663200.0,3958045800.0,4189880000.0,4372215300.0,4817542204.0,5252342400.0,5813399300.0,6680269200.0,7679384000.0,8921947100.0,9586327800.0,10221705900.0,10936669900.0,11284197000.0,11784927700.0,12282533600.0,12664190300.0,13243892200.0,13724810900.0,14698000000.0,15999890000.0,17011750000.0,17986890000.0,17601620000.0,18447920000.0,20283780000.0,21386150000.0,21990960000.0,22593470000.0,23438240000.0,24191430000.0,24979190000.0,26020850000.0,26881140000.0,24921190000.0,29043140000.0,31988920000.0,34015620000.0,212,35.3504,76
Turkmenistan,TKM,GDP (current US$),NY.GDP.MKTP.CD,,,,,,,,,,,,,,,,,,,,,,,,,,,,2331358820.0,3010982414.0,3006988217.0,3189539641.0,3208098919.0,3200539816.0,3179225949.0,2561118608.0,2482228440.0,2378759975.0,2450350625.0,2605689134.0,2450564100.0,2904663311.0,3534772732.0,4462029109.0,5977440583.0,6838351088.0,8103901996.0,10276674365.0,12664165103.0,19271523179.0,20214385965.0,22583157895.0,29233333333.0,35164210526.0,39197543860.0,43524210526.0,35799714286.0,36169428571.0,37926285714.0,40765428571.0,45232857143.0,45818000000.0,50007428571.0,58972000000.0,60628857143.0,236,35.3484,77
Philippines,PHL,GDP (current US$),NY.GDP.MKTP.CD,7515894111.0,8171194425.0,4954593072.0,5505023238.0,5953756195.0,6517349772.0,7189017888.0,7724873935.0,8632749269.0,9571800653.0,7559115517.0,8375075630.0,9067815521.0,11412449735.0,15607882555.0,16875240684.0,19381055197.0,22283109803.0,25762224563.0,31218296292.0,36848080899.0,40499388869.0,42206011275.0,37759179895.0,35730185634.0,34961486348.0,33987207295.0,37791488666.0,43152128959.0,48513773721.0,50508286642.0,51784144943.0,60422328242.0,62036529147.0,73159336915.0,84644328727.0,94648084429.0,94106317565.0,74492416330.0,85640171045.0,83669788255.0,78921234458.0,84307345888.0,87039092974.0,95001999685.0,107420000000.0,127653000000.0,155980000000.0,181625000000.0,175975000000.0,208369000000.0,234217000000.0,261921000000.0,283903000000.0,297484000000.0,306446000000.0,318627000000.0,328481000000.0,346842000000.0,376823000000.0,361751000000.0,394087000000.0,404353000000.0,437146000000.0,188,35.0553,78
Antigua and Barbuda,ATG,GDP (current US$),NY.GDP.MKTP.CD,,,,,,,,,,,,,,,,,,77496296.3,88033333.33,109585185.2,132440740.7,149377777.8,166425925.9,184848148.1,212192592.6,246344444.4,297537037.0,346840740.7,411374074.1,455148148.1,478692592.6,504307407.4,525103703.7,565633333.3,625051851.9,616014814.8,679111111.1,734392592.6,789762963.0,835514814.8,900551851.9,877514814.8,897988888.9,947955555.6,1026181481.0,1143714815.0,1303548148.0,1487300000.0,1557540741.0,1386444444.0,1298255556.0,1281337037.0,1327107407.0,1325425926.0,1378829630.0,1437755556.0,1489692593.0,1531151852.0,1661529630.0,1725351852.0,1410796296.0,1601366667.0,1867733333.0,2033085185.0,13,34.8072,79
Monaco,MCO,GDP (current US$),NY.GDP.MKTP.CD,,,,,,,,,,,293127333.2,327706210.4,402451900.8,523554039.2,563949254.1,711978961.9,735324244.7,811191392.2,1000555218.0,1209870147.0,1378175524.0,1205188648.0,1143216457.0,1092560365.0,1037329604.0,1082867507.0,1515234743.0,1839081463.0,2000704745.0,2010083833.0,2481307077.0,2480540845.0,2737049231.0,2574494356.0,2720332135.0,3130309995.0,3137886995.0,2840195190.0,2934593468.0,2907118641.0,2654462665.0,2673723034.0,2919647982.0,3597089751.0,4043551489.0,4204652899.0,4586826513.0,5875790766.0,6502942245.0,5474379252.0,5367561570.0,6088689808.0,5742749294.0,6555591710.0,7070017324.0,6264756528.0,6471290794.0,6430254653.0,7184333936.0,7383496254.0,6730736283.0,8623242743.0,8800430486.0,9995350547.0,150,34.4136,80
Togo,TGO,GDP (current US$),NY.GDP.MKTP.CD,171057069.1,178497098.3,186745757.9,202305865.2,234572186.5,264505506.0,305227594.8,327215843.6,341691567.5,378091809.6,358665753.9,404648367.8,474043921.8,574030984.0,791450308.4,871781686.9,874681611.9,1097893826.0,1164025637.0,1259365712.0,1604836916.0,1359026709.0,1160337039.0,1081387265.0,1014170069.0,1076604520.0,1498219579.0,1763978066.0,1947208354.0,1910635575.0,2299665506.0,2262767860.0,2390796916.0,1741944426.0,1387662121.0,1849110468.0,2069506014.0,2116818623.0,2241650112.0,2226577204.0,2106848752.0,2093498674.0,2410199032.0,2987984051.0,3191561509.0,3221910408.0,3320907722.0,3759964943.0,4578849658.0,4721890900.0,4746389532.0,5422442166.0,5413544658.0,6021732977.0,6393318262.0,5755461035.0,6071170959.0,6387422518.0,7029300383.0,6992700101.0,7400284168.0,8342243646.0,8169476149.0,9171261838.0,233,34.3413,81
Bosnia and Herzegovina,BIH,GDP (current US$),NY.GDP.MKTP.CD,,,,,,,,,,,,,,,,,,,,,,,,,,,,,,,7753478261.0,6122959184.0,4735044707.0,3630668950.0,1255802469.0,1866572954.0,2786045322.0,3671909673.0,4116774301.0,4686256363.0,5567772769.0,5800615466.0,6728220887.0,8498894359.0,10156541538.0,11222796337.0,12864841906.0,15778734264.0,19112796623.0,17613949091.0,17176315804.0,18644233537.0,17226735996.0,18179108531.0,18558733564.0,16404348871.0,17116926328.0,18326373366.0,20484053869.0,20482608755.0,20226036564.0,23672712242.0,24534663636.0,27514782476.0,25,33.9297,82
Burkina Faso,BFA,GDP (current US$),NY.GDP.MKTP.CD,330442815.8,350247234.3,379567099.2,394040667.1,410321645.0,422916789.7,433889766.2,450753923.5,460442689.4,478298645.4,458404268.8,482411179.1,578595522.0,674773569.9,751133430.4,939972703.5,976547188.1,1131224878.0,1475583645.0,1748480621.0,1928719888.0,1775842334.0,1754450096.0,1600278605.0,1459880132.0,1552493196.0,2036303358.0,2369834950.0,2616040479.0,2615587734.0,3101300779.0,3135045584.0,3356692505.0,3199536465.0,1895290637.0,2379517975.0,2586550595.0,2447669102.0,2804902367.0,3389566713.0,2968370088.0,3190371081.0,3622350063.0,4740768143.0,5451688538.0,6146353173.0,6547419820.0,7625722837.0,9451435490.0,9450696873.0,10109619741.0,12080295978.0,12561015157.0,13444300486.0,13943016077.0,11832159316.0,12833363045.0,14106955615.0,15890066221.0,16032813503.0,17725010533.0,19697516284.0,18820218691.0,20324617845.0,20,33.8521,83
Central African Republic,CAF,GDP (current US$),NY.GDP.MKTP.CD,112155598.5,123134583.5,124482773.8,129379123.8,142025078.7,150574795.4,157930018.1,163820513.6,191767441.6,188039210.1,189106529.2,201450799.8,230317883.4,271183082.0,281398705.6,378660016.3,451152461.3,507298147.5,610578632.0,700764747.8,797048198.5,694803622.9,748312390.8,658679332.7,637820670.3,864849836.3,1122265013.0,1200991978.0,1264899288.0,1233930281.0,1440711459.0,1377374987.0,1411917553.0,1278781262.0,851174356.8,1115389674.0,1007791127.0,937741513.0,967338389.7,999477510.7,916777282.7,932648604.8,996068144.9,1142315523.0,1272360517.0,1337894379.0,1461859762.0,1699811295.0,1993407888.0,2067381665.0,2142591540.0,2437982705.0,2510126512.0,1691544110.0,1894813389.0,1695825714.0,1825018145.0,2072349973.0,2220979146.0,2221301351.0,2326720900.0,2516498412.0,2382618615.0,2555492085.0,35,33.8075,84
Belize,BLZ,GDP (current US$),NY.GDP.MKTP.CD,28072478.07,29964999.97,31857591.86,33750113.75,36194586.19,40110040.11,44450044.45,47431255.75,44999910.0,47399905.2,53339893.32,59074687.2,65998069.38,78214767.83,103160450.4,118194026.3,97094227.23,117650000.0,136300000.0,151800000.0,257400000.0,260750000.0,248550000.0,262150000.0,290350000.0,287300000.0,311500000.0,371100000.0,421450000.0,491100000.0,547150000.0,597100000.0,696250000.0,752850000.0,772300000.0,819050000.0,850850000.0,873400000.0,929500000.0,1000250000.0,1138900000.0,1172800000.0,1244650000.0,1308900000.0,1400850000.0,1474950000.0,1591150000.0,1707100000.0,1738900000.0,1688500000.0,1745700000.0,1827050000.0,1909400000.0,2032750000.0,2138250000.0,2193050000.0,2240200000.0,2266300000.0,2293250000.0,2388300000.0,2042850000.0,2420550000.0,2846700000.0,3066850000.0,27,33.7186,85
Low & middle income,LMY,GDP (current US$),NY.GDP.MKTP.CD,276980000000.0,275468000000.0,282504000000.0,305484000000.0,342248000000.0,377881000000.0,392169000000.0,402672000000.0,426939000000.0,477578000000.0,521249000000.0,560489000000.0,629567000000.0,802228000000.0,1020410000000.0,1128390000000.0,1214420000000.0,1363960000000.0,1515440000000.0,1756430000000.0,2073160000000.0,2318340000000.0,2286650000000.0,2217410000000.0,2278280000000.0,2367020000000.0,2417930000000.0,2496520000000.0,2662890000000.0,2854770000000.0,3356800000000.0,3189520000000.0,3343620000000.0,3615990000000.0,4051570000000.0,4628270000000.0,5140550000000.0,5455060000000.0,5428420000000.0,5224980000000.0,5680760000000.0,5689230000000.0,5798280000000.0,6488020000000.0,7609500000000.0,8986080000000.0,10577800000000.0,12986800000000.0,15415200000000.0,15449600000000.0,18785600000000.0,22125400000000.0,23520200000000.0,24956400000000.0,26113000000000.0,25336700000000.0,25597100000000.0,27987400000000.0,29791600000000.0,30495400000000.0,29521400000000.0,34778100000000.0,36465200000000.0,37533800000000.0,141,33.5095,86
Indonesia,IDN,GDP (current US$),NY.GDP.MKTP.CD,,,,,,,,5667756628.0,7076465300.0,8337423313.0,9150684932.0,9333536370.0,10997590361.0,16273253012.0,25802409639.0,30463855422.0,37269156627.0,45808915663.0,51455719076.0,51400186343.0,72482337397.0,85518233419.0,90158449295.0,81052283384.0,84853700028.0,85289488375.0,79954072545.0,75929617558.0,84300174486.0,94451427877.0,106141000000.0,116622000000.0,128027000000.0,158007000000.0,176892000000.0,202132000000.0,227370000000.0,215749000000.0,95445547873.0,140001000000.0,165021000000.0,160447000000.0,195661000000.0,234772000000.0,256837000000.0,285869000000.0,364571000000.0,432217000000.0,510229000000.0,539580000000.0,755094000000.0,892969000000.0,917870000000.0,912524000000.0,890815000000.0,860854000000.0,931877000000.0,1015620000000.0,1042270000000.0,1119100000000.0,1059050000000.0,1186510000000.0,1319080000000.0,1371170000000.0,107,33.4492,87
Middle income,MIC,GDP (current US$),NY.GDP.MKTP.CD,263792000000.0,262100000000.0,267577000000.0,287191000000.0,326824000000.0,360053000000.0,373359000000.0,384335000000.0,407142000000.0,454962000000.0,497735000000.0,534583000000.0,600660000000.0,767522000000.0,977449000000.0,1078950000000.0,1162150000000.0,1303750000000.0,1446310000000.0,1682140000000.0,1990700000000.0,2232740000000.0,2200320000000.0,2133350000000.0,2195420000000.0,2286030000000.0,2333240000000.0,2407590000000.0,2567480000000.0,2752090000000.0,3231690000000.0,3052350000000.0,3245130000000.0,3510090000000.0,3951050000000.0,4533160000000.0,5047170000000.0,5355420000000.0,5327950000000.0,5124150000000.0,5558380000000.0,5573070000000.0,5671240000000.0,6346130000000.0,7443640000000.0,8788160000000.0,10347500000000.0,12706100000000.0,15077900000000.0,15113700000000.0,18414900000000.0,21722100000000.0,23137100000000.0,24560800000000.0,25689900000000.0,24920300000000.0,25211700000000.0,27583000000000.0,29370000000000.0,30047500000000.0,29078400000000.0,34301100000000.0,35917700000000.0,36878100000000.0,157,33.4,88
Timor-Leste,TLS,GDP (current US$),NY.GDP.MKTP.CD,,,,,,,,,,,,,,,,,,,,,,,,,,,,,,,128210142.0,147713000.0,187891500.0,216914400.0,239040500.0,262819900.0,306956900.0,319972700.0,325729800.0,225357600.0,366924300.0,477443500.0,469455500.0,490439100.0,440772000.0,462268000.0,453792400.0,542795400.0,648523600.0,726937800.0,881909300.0,1042534600.0,1160555000.0,1395727400.0,1447535200.0,1590282400.0,1640464600.0,1584878400.0,1555988600.0,2032550400.0,2162619200.0,3624889700.0,3208594000.0,2079916900.0,238,32.895,89
Late-demographic dividend,LTE,GDP (current US$),NY.GDP.MKTP.CD,183040000000.0,170100000000.0,173284000000.0,189118000000.0,207440000000.0,232549000000.0,258992000000.0,260274000000.0,264787000000.0,295197000000.0,335675000000.0,373427000000.0,429644000000.0,557950000000.0,670612000000.0,740755000000.0,798866000000.0,926739000000.0,964551000000.0,1148400000000.0,1316880000000.0,1380130000000.0,1393000000000.0,1289280000000.0,1345560000000.0,1454660000000.0,1545910000000.0,1632410000000.0,1781580000000.0,1899400000000.0,2045120000000.0,1981020000000.0,2019420000000.0,2102260000000.0,2441350000000.0,3024940000000.0,3336410000000.0,3493230000000.0,3366690000000.0,3112220000000.0,3414600000000.0,3529670000000.0,3741290000000.0,4262680000000.0,5122700000000.0,6178900000000.0,7456060000000.0,9390660000000.0,11676300000000.0,11279800000000.0,13568000000000.0,16537000000000.0,17686800000000.0,19051500000000.0,19788100000000.0,18565300000000.0,18605500000000.0,20647700000000.0,22641300000000.0,23070200000000.0,22553200000000.0,26910400000000.0,28079400000000.0,28348500000000.0,143,32.7954,90
Vanuatu,VUT,GDP (current US$),NY.GDP.MKTP.CD,,,,,,,,,,,,,,,,,,,,119258835.3,121185497.6,113781795.8,114501912.5,117389554.2,144482515.4,131856420.7,126498935.3,139464173.5,158351368.4,154013202.1,168879207.2,201334169.1,209088824.6,200491853.2,233701301.5,249333250.1,261370044.5,272771209.1,262293410.7,268006972.7,272014627.8,257926881.7,262596535.5,314471413.0,364996869.1,394962433.0,439358586.5,516392922.5,590748429.4,592622319.1,670712979.7,770153588.2,747839697.7,758304466.2,772315983.8,730870803.0,780889605.9,880061833.7,914736985.4,936526267.6,909421043.5,950394006.5,1022219298.0,1126313359.0,259,32.6738,91
Upper middle income,UMC,GDP (current US$),NY.GDP.MKTP.CD,179284000000.0,170671000000.0,174832000000.0,184497000000.0,211437000000.0,236506000000.0,260982000000.0,264287000000.0,279751000000.0,313925000000.0,344990000000.0,375547000000.0,430971000000.0,568082000000.0,730832000000.0,808818000000.0,876611000000.0,982903000000.0,1083330000000.0,1261280000000.0,1477560000000.0,1594150000000.0,1565610000000.0,1532200000000.0,1618910000000.0,1669920000000.0,1714810000000.0,1731750000000.0,1870690000000.0,2071000000000.0,2492580000000.0,2345110000000.0,2507020000000.0,2763260000000.0,3111480000000.0,3535670000000.0,3910790000000.0,4163330000000.0,4110160000000.0,4001280000000.0,4372780000000.0,4374920000000.0,4406970000000.0,4911780000000.0,5793590000000.0,6887070000000.0,8121000000000.0,9981040000000.0,12063400000000.0,11970500000000.0,14632200000000.0,17501000000000.0,18676700000000.0,19843500000000.0,20594300000000.0,19830600000000.0,19907700000000.0,21841600000000.0,23375900000000.0,23748800000000.0,22976100000000.0,27390600000000.0,28547100000000.0,29440000000000.0,250,32.5968,92
Small states,SST,GDP (current US$),NY.GDP.MKTP.CD,,,,,,,,,,,4369005446.0,4889680111.0,5678575469.0,7302095095.0,11481090182.0,12127638715.0,13904030976.0,16682356974.0,19254707358.0,24375650834.0,33960175719.0,33408246378.0,32918973358.0,31601525549.0,32270104381.0,31940386052.0,31924802575.0,37398477666.0,40395603834.0,41280123118.0,47317168944.0,49596013548.0,52839176213.0,52534115913.0,56185862243.0,64157845932.0,66730631009.0,70395100527.0,71112024441.0,74869501280.0,77368613842.0,77594319153.0,83902231734.0,99300795436.0,115194000000.0,129666000000.0,145798000000.0,171152000000.0,186654000000.0,165375000000.0,176391000000.0,197270000000.0,198456000000.0,206145000000.0,213239000000.0,197793000000.0,205052000000.0,225723000000.0,244623000000.0,247266000000.0,222762000000.0,258942000000.0,287506000000.0,305547000000.0,219,32.5325,93
Jordan,JOR,GDP (current US$),NY.GDP.MKTP.CD,,,,,,599759760.1,657999736.8,631679747.3,561119775.6,698879720.4,639519744.2,678159728.7,788479684.6,943783839.7,1197483949.0,1363073498.0,1708521219.0,2096778602.0,2602208589.0,3271368781.0,3910044474.0,4383944703.0,4681240993.0,4920692191.0,4967162160.0,4993601520.0,6402050485.0,6756209762.0,6277451829.0,4221373674.0,4160087508.0,4344467193.0,5310833194.0,5606400222.0,6236295978.0,6727597032.0,6927503526.0,7245839210.0,7912270804.0,8149929478.0,8460789845.0,8975814653.0,9582510578.0,10195627645.0,11411706629.0,12588998590.0,15056981664.0,17110437236.0,22658715989.0,24537876056.0,27133804225.0,29524149155.0,31634561690.0,34454440141.0,36847643521.0,38587017887.0,39892551127.0,41608435915.0,43370860704.0,44503006338.0,43700383099.0,46296100141.0,48764963380.0,50967475352.0,119,32.3992,94
Mauritania,MRT,GDP (current US$),NY.GDP.MKTP.CD,,159213430.2,164271557.5,168186297.3,224495743.9,255340475.0,266533605.2,282615310.2,311395937.3,295062308.5,309405316.0,335568907.1,391669449.3,493237876.3,613010552.5,703377837.5,775045516.8,799030017.1,804629876.8,951900945.3,1047925106.0,1105494682.0,1108776653.0,1165171263.0,1074373230.0,1009723326.0,1186628778.0,1344664725.0,1414951290.0,1450647019.0,1506914408.0,2133692697.0,2164298425.0,1847353211.0,1944876755.0,2091726101.0,2132087009.0,2071996564.0,2032347665.0,1985922776.0,1779520886.0,1746063558.0,1777057481.0,2051147607.0,2362501023.0,2936019526.0,3919577286.0,4346212355.0,5206437194.0,4714595548.0,5628878798.0,6764627746.0,6728208836.0,7223071097.0,6592537782.0,6166863897.0,6398747592.0,6800135898.0,7473550557.0,7894764886.0,8260752385.0,9222536364.0,9557966698.0,10651709411.0,167,32.1886,95
Bolivia,BOL,GDP (current US$),NY.GDP.MKTP.CD,373250000.0,406000000.0,443916666.7,478000000.0,538583333.3,598333333.3,662500000.0,748250000.0,849333333.3,920333333.3,1006833333.0,1084666667.0,1286153846.0,1263600000.0,2101300000.0,2405900000.0,2733350000.0,3229050000.0,3760100000.0,4510500000.0,4450360000.0,5778480000.0,5600390625.0,5414008621.0,6169304528.0,5377276657.0,3959383520.0,4347956338.0,4597611710.0,4715973437.0,4867582598.0,5343262457.0,5643868749.0,5734699489.0,5981222859.0,6715161732.0,7396949126.0,7925736821.0,8497494652.0,8285064435.0,8397855485.0,8141516928.0,7905485146.0,8082399640.0,8773451752.0,9549122905.0,11451844902.0,13120108008.0,16674276286.0,17339992194.0,19649723722.0,23963164697.0,27084497482.0,30659338886.0,32996188013.0,33000198248.0,33941126200.0,37508642165.0,40287647930.0,40895322844.0,36629843805.0,40406111695.0,44008282878.0,45135398009.0,29,32.0725,96
Other small states,OSS,GDP (current US$),NY.GDP.MKTP.CD,,,,,,,,,,,,,,,,8546159822.0,10292284351.0,12686273128.0,14671271673.0,18979968672.0,27707338369.0,26649428435.0,25978261545.0,24380036114.0,24368565164.0,23540995550.0,22667057758.0,27767778986.0,29982710360.0,30761061295.0,36474622946.0,38515626272.0,41402022716.0,40529098178.0,42978663544.0,50141711800.0,51655759656.0,52075829482.0,52079081122.0,54539803687.0,56448952736.0,56559437274.0,61653471005.0,75806502291.0,90029266147.0,102038000000.0,114186000000.0,136817000000.0,150548000000.0,130617000000.0,139364000000.0,158482000000.0,157527000000.0,164528000000.0,169821000000.0,153633000000.0,161593000000.0,180002000000.0,197103000000.0,198507000000.0,181482000000.0,212298000000.0,228426000000.0,241086000000.0,184,31.7555,97
St. Lucia,LCA,GDP (current US$),NY.GDP.MKTP.CD,,,,,,,,,,,,,,,,,,,,,170370370.4,194444444.4,183333333.3,197037037.0,251481481.5,284444444.4,340000000.0,375555555.6,429629629.6,486666666.7,579629629.6,613703703.7,674074074.1,684814814.8,713703703.7,762962963.0,788888888.9,805925925.9,877407407.4,921851851.9,932592592.6,892592592.6,900000000.0,987407407.4,1066666667.0,1135555556.0,1268319185.0,1336088815.0,1437731111.0,1401507889.0,1482385185.0,1568370370.0,1598207407.0,1660222222.0,1749185185.0,1807629630.0,1868555556.0,1998518519.0,2060962963.0,2095370370.0,1499296296.0,1867185185.0,2342703704.0,2430148148.0,134,31.6823,98
Cameroon,CMR,GDP (current US$),NY.GDP.MKTP.CD,614206068.5,652777608.3,694247864.4,718320845.0,776650176.9,814083265.5,851112534.6,936175260.0,1046191218.0,1100551489.0,1151216993.0,1236941394.0,1498251890.0,1901393361.0,2157415533.0,2857037371.0,2898090002.0,3394664024.0,4662852583.0,5919002983.0,6674569047.0,6610938617.0,6611255964.0,6870200010.0,7311938026.0,8544810498.0,11857056199.0,13049659981.0,12236057362.0,11012566195.0,12314482628.0,11840192296.0,12071775335.0,16181814713.0,8902446252.0,10864772471.0,11093538846.0,10789458433.0,11298144990.0,11565826465.0,10566579295.0,10953485349.0,12417251350.0,15970315035.0,18826214136.0,19509852207.0,20910512975.0,23928250433.0,27715142033.0,27932970317.0,27507501821.0,30630910495.0,30155062329.0,33728621180.0,36386544706.0,32210233020.0,33814337044.0,36098547033.0,39955552190.0,39667757528.0,40773241177.0,45011937347.0,44347206073.0,49279410983.0,43,31.5564,99
North Macedonia,MKD,GDP (current US$),NY.GDP.MKTP.CD,,,,,,,,,,,,,,,,,,,,,,,,,,,,,,,4699646643.0,4938775510.0,2436849342.0,2682456897.0,3559608640.0,4707041315.0,4642021256.0,3912986091.0,3765745023.0,3863619285.0,3772859034.0,3709636031.0,4018365747.0,4946296599.0,5682784472.0,6258602873.0,6861226972.0,8336474974.0,9909552435.0,9401736825.0,9407170321.0,10494626768.0,9745261301.0,10817702346.0,11362265253.0,10064519963.0,10672467073.0,11307067070.0,12683068114.0,12606338449.0,12361036914.0,14000283827.0,13932436550.0,15763621848.0,158,31.3755,100
IBRD only,IBD,GDP (current US$),NY.GDP.MKTP.CD,317483000000.0,314825000000.0,322057000000.0,345781000000.0,391944000000.0,429673000000.0,443941000000.0,456547000000.0,483769000000.0,540101000000.0,588041000000.0,641077000000.0,722637000000.0,936774000000.0,1185690000000.0,1280670000000.0,1390220000000.0,1575290000000.0,1741660000000.0,2034880000000.0,2415640000000.0,2594940000000.0,2557690000000.0,2526250000000.0,2615810000000.0,2716600000000.0,2820420000000.0,2906380000000.0,3107300000000.0,3237500000000.0,3719670000000.0,3535990000000.0,3691450000000.0,3928420000000.0,4334030000000.0,4917850000000.0,5370410000000.0,5694930000000.0,5541880000000.0,5398380000000.0,5873150000000.0,5955400000000.0,6043800000000.0,6787010000000.0,8083580000000.0,9656470000000.0,11452600000000.0,14221600000000.0,17055700000000.0,16539500000000.0,20113600000000.0,23813100000000.0,25306400000000.0,26702800000000.0,27596800000000.0,25841100000000.0,26032700000000.0,28752300000000.0,30653900000000.0,31298800000000.0,30114900000000.0,35764000000000.0,37712000000000.0,38789300000000.0,103,31.1594,101
Faroe Islands,FRO,GDP (current US$),NY.GDP.MKTP.CD,,,,,,57954522.42,64397131.08,66225403.56,65186666.67,70106666.67,84933333.33,99219082.85,119335897.8,161236465.8,196771070.9,227404436.0,270470345.4,347798304.6,397833034.9,448568492.7,493014300.0,456244919.0,444047495.3,486605127.7,426008864.7,459307281.2,688914288.9,886508622.3,968576956.9,871935350.4,960805408.9,909253214.8,912670413.3,760957189.8,758739178.6,901404709.8,989536914.7,933763083.4,1104744235.0,1127684827.0,1067109531.0,1160268212.0,1275093689.0,1501941581.0,1724770771.0,1759739599.0,2017680835.0,2339015313.0,2489873250.0,2296065170.0,2331796784.0,2505740669.0,2427200389.0,2690110521.0,2914012679.0,2573905971.0,2813278869.0,2980057378.0,3188600927.0,3266432734.0,3271813312.0,3664686797.0,3566698398.0,3907323961.0,79,31.1521,102
"Micronesia, Fed. Sts.",FSM,GDP (current US$),NY.GDP.MKTP.CD,,,,,,,,,,,19885926.0,21783158.0,25100928.0,34821467.0,46095175.0,46119184.0,46813193.0,47305560.0,53656834.0,60270778.0,64186644.0,76472529.0,80055706.0,84110353.0,84676118.0,101931941.0,112210000.0,116700000.0,124700000.0,135200000.0,147200000.0,166200000.0,178100000.0,198400000.0,202500000.0,221575300.0,218534700.0,206626300.0,218873100.0,220140500.0,233271800.0,240970900.0,242517200.0,245432900.0,240236000.0,250281900.0,253541900.0,256787200.0,263145100.0,280284600.0,296944100.0,311301600.0,327248700.0,317214400.0,319271200.0,316489900.0,325000000.0,359000000.0,392000000.0,394000000.0,372000000.0,390000000.0,430000000.0,460000000.0,80,31.0403,103
Latvia,LVA,GDP (current US$),NY.GDP.MKTP.CD,,,,,,,,,,,,,,,,,,,,,,,,,,,,,,,,,,,,5608208785.0,5799465288.0,6349481007.0,6974112951.0,7324192890.0,7761252607.0,8190888740.0,9249030241.0,11244337720.0,13827070379.0,16306935905.0,20434922247.0,29420499248.0,34135200994.0,25691530442.0,23468324572.0,26575547901.0,27116149949.0,29152128168.0,30277203767.0,26344565877.0,27117105060.0,29391059767.0,33247935477.0,33099503951.0,33379927435.0,38185125733.0,38018905782.0,42247850065.0,146,30.9974,104
IDA & IBRD total,IBT,GDP (current US$),NY.GDP.MKTP.CD,361892000000.0,362462000000.0,373896000000.0,403277000000.0,447989000000.0,492597000000.0,512231000000.0,525673000000.0,557015000000.0,622387000000.0,679715000000.0,732806000000.0,819968000000.0,1047790000000.0,1332400000000.0,1455850000000.0,1572100000000.0,1772070000000.0,1966330000000.0,2291350000000.0,2720280000000.0,3044270000000.0,2984690000000.0,2888650000000.0,2951960000000.0,3063120000000.0,3127140000000.0,3223800000000.0,3440680000000.0,3572670000000.0,4098200000000.0,3942570000000.0,4054950000000.0,4310530000000.0,4729840000000.0,5398600000000.0,5923940000000.0,6274580000000.0,6144910000000.0,5850210000000.0,6391420000000.0,6467970000000.0,6596110000000.0,7410040000000.0,8812160000000.0,10501900000000.0,12462300000000.0,15406800000000.0,18467300000000.0,17918100000000.0,21703500000000.0,25609800000000.0,27201500000000.0,28764500000000.0,29817400000000.0,28002700000000.0,28185600000000.0,31021000000000.0,33059100000000.0,33801000000000.0,32566000000000.0,38431300000000.0,40596800000000.0,41669000000000.0,104,30.9691,105
Papua New Guinea,PNG,GDP (current US$),NY.GDP.MKTP.CD,230496036.9,244832039.2,261184041.8,275968044.2,305312048.8,344176055.1,390992062.6,441728182.7,485184189.6,551263864.2,645568215.3,717750278.1,858761926.1,1299079410.0,1467417672.0,1356603608.0,1511843235.0,1640746619.0,1947878831.0,2293760511.0,2545808456.0,2498190847.0,2368719683.0,2562351551.0,2552662617.0,2423339172.0,2647995602.0,3143851794.0,3656177881.0,3546472566.0,3219729083.0,3787394958.0,4377980510.0,4974550286.0,5502786070.0,4636057476.0,5155311077.0,4936615299.0,3789443015.0,3477038204.0,3521339699.0,3081024212.0,2999511040.0,3536411824.0,3927157867.0,4865892972.0,8354911041.0,9545028944.0,11670892801.0,11619456449.0,14250786675.0,17985138066.0,21295168666.0,21261338065.0,23210823987.0,21723437010.0,20758876953.0,22742699138.0,24109780708.0,24750626041.0,23848447850.0,26109413522.0,31647277767.0,30729242919.0,190,30.8107,106
Slovenia,SVN,GDP (current US$),NY.GDP.MKTP.CD,,,,,,,,,,,,,,,,,,,,,,,,,,,,,,,19832029087.0,14454495059.0,14277261541.0,14449298372.0,16400767070.0,21367422159.0,21470699363.0,20726878752.0,22058635314.0,22609669084.0,20159190702.0,20668868707.0,23214593516.0,29360575032.0,34156553313.0,35947936824.0,39260368837.0,47880266543.0,55509332322.0,49975540955.0,47793117241.0,51199194599.0,46167053954.0,47867056859.0,49514466380.0,42709468275.0,44290685824.0,48153200135.0,53689067640.0,53909922736.0,53384760135.0,61529280461.0,59927702746.0,69148468417.0,223,30.7764,107
East Asia & Pacific,EAS,GDP (current US$),NY.GDP.MKTP.CD,157146000000.0,158407000000.0,162133000000.0,180953000000.0,207763000000.0,231255000000.0,258761000000.0,281216000000.0,310689000000.0,358262000000.0,412624000000.0,458539000000.0,570106000000.0,751499000000.0,867036000000.0,948871000000.0,1043720000000.0,1243780000000.0,1571210000000.0,1706320000000.0,1845990000000.0,2033290000000.0,1991570000000.0,2119690000000.0,2267440000000.0,2391530000000.0,3125580000000.0,3669660000000.0,4410970000000.0,4592730000000.0,4793480000000.0,5415420000000.0,5919390000000.0,6621550000000.0,7406770000000.0,8410570000000.0,8104050000000.0,7746410000000.0,6933220000000.0,7745110000000.0,8377970000000.0,7790170000000.0,7913470000000.0,8703210000000.0,9759730000000.0,10413100000000.0,11037100000000.0,12333800000000.0,14223500000000.0,14633900000000.0,17080600000000.0,19800000000000.0,21177800000000.0,21415700000000.0,22094700000000.0,22000900000000.0,22781800000000.0,24335000000000.0,26494500000000.0,27040100000000.0,27163500000000.0,31155700000000.0,30673400000000.0,30780200000000.0,64,30.4238,108
Early-demographic dividend,EAR,GDP (current US$),NY.GDP.MKTP.CD,151409000000.0,161302000000.0,165739000000.0,175832000000.0,201669000000.0,218789000000.0,216714000000.0,228806000000.0,249440000000.0,278740000000.0,296688000000.0,319407000000.0,352484000000.0,451083000000.0,632426000000.0,677079000000.0,739715000000.0,827152000000.0,945399000000.0,1112650000000.0,1383150000000.0,1532280000000.0,1461130000000.0,1474570000000.0,1495540000000.0,1491380000000.0,1498940000000.0,1523000000000.0,1607490000000.0,1635210000000.0,1916510000000.0,2032920000000.0,2208640000000.0,2382540000000.0,2502480000000.0,2551930000000.0,2767600000000.0,2955980000000.0,2921200000000.0,3090350000000.0,3377600000000.0,3351040000000.0,3255020000000.0,3621670000000.0,4208360000000.0,4895440000000.0,5597700000000.0,6626610000000.0,7456250000000.0,7173660000000.0,8713510000000.0,9822750000000.0,10268600000000.0,10421400000000.0,10776400000000.0,10246600000000.0,10547200000000.0,11448600000000.0,11610500000000.0,11835000000000.0,11006400000000.0,12811300000000.0,14147600000000.0,14945900000000.0,63,30.2725,109
Tajikistan,TJK,GDP (current US$),NY.GDP.MKTP.CD,,,,,,,,,,,,,,,,,,,,,,,,,,,,,,,2629395066.0,2536585366.0,1908554572.0,1646623195.0,1522001206.0,1231561860.0,1043654822.0,921518032.9,1320199582.0,1086612290.0,860541842.3,1080772551.0,1221106220.0,1555318261.0,2076176869.0,2312352021.0,2830213849.0,3719524541.0,5161299725.0,4979472364.0,5642221099.0,6522756255.0,7633036903.0,8448411318.0,9112605459.0,8271431485.0,6992416097.0,7536402853.0,7764999999.0,8300813599.0,8133963551.0,8937805347.0,10713525200.0,12060602009.0,235,29.9503,110
Saudi Arabia,SAU,GDP (current US$),NY.GDP.MKTP.CD,1748124064.0,1920811284.0,2130606532.0,2207393172.0,2371808713.0,2647955558.0,2920555557.0,3257022223.0,4187777711.0,4485777644.0,5377333333.0,7184806909.0,9664267087.0,14947435499.0,45412957746.0,46773208643.0,64005665722.0,74188986586.0,80266516687.0,111858000000.0,164540000000.0,184291000000.0,153240000000.0,129172000000.0,119625000000.0,103898000000.0,86961922765.0,85695861148.0,88256074766.0,95344459279.0,117630000000.0,132223000000.0,137088000000.0,132968000000.0,135175000000.0,143343000000.0,158662000000.0,165964000000.0,146775000000.0,161717000000.0,189515000000.0,184138000000.0,189606000000.0,215808000000.0,258742000000.0,328460000000.0,376900000000.0,415965000000.0,519797000000.0,429098000000.0,528207000000.0,676635000000.0,741850000000.0,753865000000.0,766606000000.0,669484000000.0,666000000000.0,714995000000.0,846584000000.0,838565000000.0,734271000000.0,874156000000.0,1108570000000.0,1067580000000.0,206,29.3856,111
Cyprus,CYP,GDP (current US$),NY.GDP.MKTP.CD,,,,,,,,,,,,,,,,489912542.3,576090016.4,734876218.0,964024705.3,1288699035.0,2154311277.0,2087496374.0,2159242417.0,2160364071.0,2278248953.0,2430411900.0,3090734463.0,3704813886.0,4278792597.0,4563482604.0,5591130218.0,5770197348.0,6912150456.0,6590291048.0,7425703929.0,9933137128.0,10011914680.0,9547816420.0,10248618778.0,10497907228.0,9985847314.0,10397898907.0,11420228846.0,14547329558.0,17320551250.0,18433412511.0,20072754987.0,23968727074.0,27844646258.0,26048179949.0,25799940078.0,27641547910.0,25047436975.0,23959712861.0,23225918260.0,19909278417.0,21046462281.0,22946570629.0,25754001368.0,26196667100.0,25555093854.0,30372874320.0,30976176887.0,33886930712.0,54,29.2951,112
Croatia,HRV,GDP (current US$),NY.GDP.MKTP.CD,,,,,,,,,,,,,,,,,,,,,,,,,,,,,,,25650213280.0,18760386775.0,10621169291.0,11259647874.0,15062911617.0,22772394547.0,24150978347.0,24175764812.0,25890228430.0,23777026779.0,22134411297.0,23066883850.0,26757722429.0,35245317002.0,41836292157.0,45013119282.0,49590197657.0,59298265770.0,68478776206.0,62321642125.0,58981738869.0,62903737380.0,57551963753.0,59852401272.0,59612144078.0,51005200670.0,52654855638.0,56186190438.0,61668130123.0,61467582194.0,57963370885.0,69006802299.0,71198635102.0,84393795502.0,100,29.0796,113
IDA total,IDA,GDP (current US$),NY.GDP.MKTP.CD,43246282845.0,45696271474.0,49174101280.0,54379384508.0,53783425109.0,60238150560.0,65070707445.0,65964803987.0,69897741507.0,78482206321.0,87267271049.0,88260148030.0,94409590868.0,109704000000.0,144041000000.0,169571000000.0,177171000000.0,192988000000.0,219291000000.0,251192000000.0,298355000000.0,422941000000.0,403546000000.0,348769000000.0,328328000000.0,338827000000.0,307216000000.0,317716000000.0,334569000000.0,336033000000.0,379306000000.0,408542000000.0,364500000000.0,383096000000.0,396480000000.0,482020000000.0,555471000000.0,581566000000.0,605659000000.0,451744000000.0,518692000000.0,512834000000.0,553000000000.0,623834000000.0,729357000000.0,846027000000.0,1010540000000.0,1185340000000.0,1411650000000.0,1378650000000.0,1589910000000.0,1796660000000.0,1895070000000.0,2061790000000.0,2220590000000.0,2160360000000.0,2151880000000.0,2268540000000.0,2405080000000.0,2501780000000.0,2450270000000.0,2668550000000.0,2885450000000.0,2880510000000.0,105,28.4227,114
St. Vincent and the Grenadines,VCT,GDP (current US$),NY.GDP.MKTP.CD,13066634.0,13999965.0,14524963.69,13708299.06,14758296.44,15108295.56,16099959.75,15835106.03,15350000.0,16650000.0,18450000.0,20051922.33,27585804.87,30165081.09,32923702.73,33237225.99,32792844.68,49353161.85,60844771.48,71096359.63,82340339.63,102086539.3,113759203.3,122255349.6,135024987.8,145641705.2,160846656.7,175580647.4,200726712.6,214745002.2,240366666.7,254829629.6,277955555.6,286307407.4,289437037.0,316007407.4,331488888.9,347770370.4,373618518.5,390718518.5,427946037.0,462072333.3,487763851.9,509090888.9,549900185.2,579948925.9,643501148.1,713596666.7,732663259.3,714300259.3,720447888.9,713796370.4,730032592.6,764781259.3,770900000.0,786555555.6,814303703.7,844040740.7,884329629.6,910766666.7,869111111.1,872225925.9,966492592.6,1065962963.0,254,28.2544,115
Marshall Islands,MHL,GDP (current US$),NY.GDP.MKTP.CD,,,,,,,,,,,8408486.0,9116810.0,9973652.0,11607366.0,15217532.0,16691301.0,18153647.0,20210069.0,22209370.0,25545346.0,26710653.0,31020000.0,34918000.0,41749000.0,45144000.0,43879000.0,55989000.0,62983000.0,70688000.0,72798000.0,78476000.0,82507000.0,91063000.0,99461000.0,108071000.0,120230000.0,110858000.0,109884700.0,112070100.0,113352100.0,114838500.0,122406100.0,131960000.0,131128500.0,132900000.0,138000000.0,143200000.0,150500000.0,146600000.0,151200000.0,161100000.0,172300000.0,180700000.0,186400000.0,186000000.0,183700000.0,201800000.0,213700000.0,220000000.0,232900000.0,241800000.0,258900000.0,253400000.0,259300000.0,156,28.1142,116
Uzbekistan,UZB,GDP (current US$),NY.GDP.MKTP.CD,,,,,,,,,,,,,,,,,,,,,,,,,,,,8523160593.0,10722799639.0,11948815258.0,13362340338.0,13800167712.0,12953801760.0,13099928447.0,12899074922.0,13350461265.0,13948892216.0,14744603774.0,14988971211.0,17078465982.0,13760513969.0,11401421329.0,9687788513.0,10134453435.0,12030023548.0,14307509839.0,17330833853.0,22311393928.0,29549438884.0,33689223673.0,49765676402.0,60178909297.0,67517349212.0,73180037915.0,80845385809.0,86196264755.0,86138288644.0,69703222283.0,58695899092.0,67293639798.0,66443265418.0,77340060003.0,90095926567.0,101592000000.0,253,27.9667,117
Kiribati,KIR,GDP (current US$),NY.GDP.MKTP.CD,,,,,,,,,,,11560877.28,12356134.38,15314346.49,25645040.47,69256488.52,44547453.6,33246816.5,31335458.7,36563964.55,34466197.03,33157723.11,35267489.24,32742712.65,31000545.77,34394167.04,26126615.23,25993008.79,29554412.53,38278810.32,37645319.2,36534294.8,41247772.37,61491394.21,58953627.94,67055363.32,68596369.28,81456842.38,80205788.23,74905725.15,77323948.45,74910555.25,64935847.47,74743892.16,96105634.75,104085862.4,113895467.7,112338362.5,138054961.9,147017897.7,140177363.7,165458478.2,195970104.4,207001557.8,201730847.8,200287275.6,191559398.2,206467834.0,222875724.7,233514703.7,216985362.3,223123620.6,289339292.2,270841698.4,279208903.3,125,27.7491,118
"Hong Kong SAR, China",HKG,GDP (current US$),NY.GDP.MKTP.CD,1320796652.0,1383681651.0,1612346412.0,1935298266.0,2206466461.0,2435078534.0,2489845017.0,2692474989.0,2716964388.0,3189740055.0,3800766536.0,4476001946.0,5710090213.0,8030117556.0,9388695367.0,10048089558.0,12876366009.0,15719433719.0,18315136409.0,22526184533.0,28861857811.0,31055226089.0,32291215844.0,29907227184.0,33511383986.0,35699772166.0,41075396885.0,50622896163.0,59707404561.0,68790219178.0,76928784621.0,88959997900.0,104273000000.0,120354000000.0,135812000000.0,144652000000.0,159718000000.0,177353000000.0,168885000000.0,165768000000.0,171669000000.0,169404000000.0,166349000000.0,161386000000.0,169100000000.0,181569000000.0,193535000000.0,211597000000.0,219279000000.0,214048000000.0,228639000000.0,248514000000.0,262629000000.0,275697000000.0,291460000000.0,309386000000.0,320860000000.0,341273000000.0,361731000000.0,363075000000.0,344943000000.0,368954000000.0,358681000000.0,380812000000.0,97,27.6029,119
"Bahamas, The",BHS,GDP (current US$),NY.GDP.MKTP.CD,169735993.9,190021993.2,212169992.4,237649991.4,266559990.4,300271989.2,346800000.0,398000000.0,453800000.0,538700000.0,539500000.0,573400000.0,590900000.0,670900000.0,632400000.0,596200000.0,642100000.0,713000000.0,832400000.0,1139800100.0,1335300000.0,1426500000.0,1578300000.0,1732800000.0,2041100000.0,2320699900.0,2472500000.0,2713999900.0,2817900000.0,3062000000.0,3166000000.0,3111160000.0,3109000000.0,3092000000.0,3259000000.0,3429000000.0,3609000000.0,6332360000.0,6833220000.0,7683870000.0,8076470000.0,8317830000.0,8881160000.0,8870090000.0,9055290000.0,9836200000.0,10167250000.0,10618340000.0,10526000000.0,9981960000.0,10095760000.0,10070450000.0,10720400000.0,10395800000.0,10974100000.0,11671900000.0,11745100000.0,12236700000.0,12615800000.0,13016200000.0,9958200000.0,11368900000.0,13136400000.0,14338500000.0,24,27.4973,120
"Egypt, Arab Rep.",EGY,GDP (current US$),NY.GDP.MKTP.CD,4206270175.0,4494575422.0,4035461922.0,4187146119.0,4709245635.0,4948667540.0,5278005612.0,5605484299.0,5932242991.0,6524455206.0,8042200452.0,8609283346.0,9299638056.0,10098534613.0,9228963225.0,11632178869.0,13315988083.0,14400806876.0,14811704063.0,18020571429.0,21669908176.0,22136081081.0,27655172414.0,30966239814.0,33971188992.0,39053502251.0,41253507951.0,40455616654.0,34980124929.0,39756299050.0,42978914311.0,37387836491.0,41855986519.0,46578631453.0,51897983393.0,60159245060.0,67629716981.0,78436578171.0,84828807556.0,90710704807.0,99838543960.0,96684636119.0,85146067416.0,80288461538.0,78782467532.0,89600665557.0,107426000000.0,130438000000.0,162818000000.0,189147000000.0,218984000000.0,235990000000.0,279117000000.0,288434000000.0,305595000000.0,329367000000.0,332442000000.0,248363000000.0,262589000000.0,318679000000.0,383818000000.0,424672000000.0,476748000000.0,396002000000.0,68,27.1635,121
World,WLD,GDP (current US$),NY.GDP.MKTP.CD,1371950000000.0,1445950000000.0,1550600000000.0,1669570000000.0,1830170000000.0,1994300000000.0,2161750000000.0,2293940000000.0,2478900000000.0,2738140000000.0,3003120000000.0,3318580000000.0,3833100000000.0,4687590000000.0,5418370000000.0,6033160000000.0,6558690000000.0,7414820000000.0,8778340000000.0,10153800000000.0,11449700000000.0,11839900000000.0,11716600000000.0,11960000000000.0,12424900000000.0,13013700000000.0,15344200000000.0,17466900000000.0,19517400000000.0,20386700000000.0,22987400000000.0,23911700000000.0,25534200000000.0,25958500000000.0,27941900000000.0,31149700000000.0,31866900000000.0,31760800000000.0,31702700000000.0,32747100000000.0,33855900000000.0,33646100000000.0,34940200000000.0,39181800000000.0,44151100000000.0,47811700000000.0,51815400000000.0,58389200000000.0,64152300000000.0,60814500000000.0,66609700000000.0,74080800000000.0,75705900000000.0,77873400000000.0,80020300000000.0,75472500000000.0,76702600000000.0,81712000000000.0,86884800000000.0,88149900000000.0,85763000000000.0,97848300000000.0,101771000000000.0,106172000000000.0,260,26.6535,122
Bahrain,BHR,GDP (current US$),NY.GDP.MKTP.CD,,,,,,,,,,,391577364.1,422181562.2,534081183.7,761132545.1,1042176884.0,1099107601.0,1581709519.0,1989060283.0,2272042965.0,2710160739.0,3493834468.0,3943109532.0,4145421080.0,4247030468.0,4440874566.0,4152376484.0,3470746843.0,3856922694.0,4209834173.0,4393093963.0,4809511005.0,5248911170.0,5402232447.0,5913001064.0,6330627926.0,6651180851.0,6938166755.0,7219407713.0,7031309043.0,7528469149.0,9062898936.0,8976196809.0,9593510638.0,11074813830.0,13150159574.0,15968723404.0,18504760638.0,21730000000.0,25710904255.0,22938218085.0,26805984043.0,29914680851.0,31963404255.0,33823324468.0,34772526596.0,32523297872.0,33884680851.0,37204813830.0,39567978723.0,40446808511.0,35837632979.0,40840212766.0,46680398936.0,46079867021.0,23,26.5985,123
Jamaica,JAM,GDP (current US$),NY.GDP.MKTP.CD,699064380.4,748043500.8,777727688.9,826706669.3,897949000.8,972159611.1,1096759561.0,1148014311.0,1083839133.0,1191239047.0,1404720442.0,1539861816.0,1875146587.0,1905917553.0,2375122375.0,2860442750.0,2966042856.0,3249733140.0,2644527822.0,2425064229.0,2679379372.0,2979027966.0,3293496312.0,3619262277.0,2373564549.0,2100239019.0,2754549582.0,3287007322.0,3828342820.0,4404937853.0,4592208087.0,4106207649.0,3535460090.0,5440075676.0,5452558947.0,6577520643.0,7393891921.0,8400041724.0,8787195622.0,8887057997.0,9005064475.0,9194727831.0,9719009495.0,9430234811.0,10174664854.0,11243865778.0,11930179090.0,12799600047.0,13709401520.0,12120458115.0,13220549908.0,14444661522.0,14807086556.0,14264205153.0,13899217722.0,14188936958.0,14077096714.0,14808985171.0,15730792836.0,15830766571.0,13812421803.0,14657586127.0,17097760724.0,19423355409.0,118,26.5616,124
Botswana,BWA,GDP (current US$),NY.GDP.MKTP.CD,30411413.66,32902612.87,35644956.64,38091842.85,41616347.79,45788696.33,51465655.39,58642354.09,66248441.42,77361546.51,96243233.66,127448613.5,164460915.0,244124164.0,306044207.5,355168571.5,372025093.0,451624780.3,590407374.4,819870258.8,1060889704.0,1073812830.0,1014945696.0,1172230397.0,1240822167.0,1114783343.0,1392602164.0,1965226890.0,2644554159.0,3083822112.0,3790636324.0,3942876703.0,4146464587.0,4160129175.0,4259259604.0,4730599122.0,4847757218.0,5020265627.0,4790481509.0,5484263347.0,5788329609.0,5489608300.0,5438863983.0,7511582173.0,8957467707.0,9918907108.0,9919158482.0,10567270656.0,10730829116.0,10118459242.0,12637273429.0,15110643612.0,13907464500.0,14271738933.0,15470088501.0,13530748845.0,15082637184.0,16105155857.0,17031943186.0,16725908149.0,14960291106.0,18750946600.0,20321958850.0,19396084498.0,34,26.4195,125
Mexico,MEX,GDP (current US$),NY.GDP.MKTP.CD,13040000000.0,14160000000.0,15200000000.0,16960000000.0,20080000000.0,21840000000.0,24320000000.0,26560000000.0,29360000000.0,32480000000.0,35520000000.0,39200000000.0,45200000000.0,55280000000.0,72000000000.0,88000000000.0,88875923765.0,81912018784.0,102649000000.0,134532000000.0,205577000000.0,263798000000.0,184603000000.0,156167000000.0,184231000000.0,195241000000.0,134556000000.0,147543000000.0,181611000000.0,221403000000.0,261254000000.0,313140000000.0,363158000000.0,530161000000.0,553618000000.0,380157000000.0,432158000000.0,523450000000.0,557461000000.0,631249000000.0,742061000000.0,796065000000.0,810666000000.0,765550000000.0,819459000000.0,917572000000.0,1020270000000.0,1102360000000.0,1161550000000.0,943437000000.0,1105420000000.0,1229010000000.0,1255110000000.0,1327440000000.0,1364510000000.0,1213290000000.0,1112230000000.0,1190720000000.0,1256300000000.0,1304110000000.0,1121060000000.0,1316570000000.0,1464310000000.0,1789110000000.0,155,25.8045,126
Slovak Republic,SVK,GDP (current US$),NY.GDP.MKTP.CD,,,,,,,,,,,,,,,,,,,,,,,,,,,,,,,12915046978.0,14459924589.0,15699327209.0,16737973764.0,20428139756.0,26180022222.0,28197790875.0,27844628979.0,29976207629.0,30496272225.0,29215726005.0,30726659551.0,35243658399.0,46616149117.0,57215475076.0,62547753148.0,70751813443.0,86587749518.0,100830000000.0,89342984698.0,91112160801.0,99705104723.0,94724394278.0,99134277850.0,101713000000.0,89178548717.0,90347173229.0,95978130735.0,106612000000.0,105843000000.0,107733000000.0,120592000000.0,115929000000.0,132908000000.0,222,25.4114,127
Aruba,ABW,GDP (current US$),NY.GDP.MKTP.CD,,,,,,,,,,,,,,,,,,,,,,,,,,,405586592.2,487709497.2,596648044.7,695530726.3,764804469.3,872067039.1,958659217.9,1083240223.0,1245810056.0,1320670391.0,1379888268.0,1531843575.0,1665363128.0,1722905028.0,1873452514.0,1896456983.0,1961843575.0,2044111732.0,2254830726.0,2360017318.0,2469782682.0,2677641341.0,2843024581.0,2553793296.0,2453597207.0,2637859218.0,2615208380.0,2727849721.0,2790849721.0,2962907263.0,2983635196.0,3092429050.0,3276184358.0,3395798883.0,2481857123.0,2929446578.0,3279343544.0,3648573136.0,1,25.2352,128
Liberia,LBR,GDP (current US$),NY.GDP.MKTP.CD,190495600.0,183920900.0,191861800.0,200229600.0,218929100.0,229260800.0,244459500.0,261024300.0,276820700.0,306961800.0,323099700.0,341543100.0,368098000.0,386968300.0,486955000.0,577549300.0,596675700.0,673010600.0,717240400.0,814067900.0,854711500.0,846514500.0,863933200.0,823374900.0,848478300.0,851296100.0,840964400.0,972800000.0,1038300000.0,786300000.0,384400000.0,348000000.0,223500000.0,160400000.0,132200000.0,134800000.0,159400000.0,295900000.0,359600000.0,441800000.0,874000000.0,906000000.0,927000000.0,748000000.0,897000000.0,949000000.0,1119000000.0,1373000000.0,1726000000.0,1768000000.0,1998000000.0,2398000000.0,2791614000.0,3177198100.0,3225652000.0,3227075700.0,3398419600.0,3390703400.0,3422754800.0,3319596500.0,3176126300.0,3513049500.0,4001047000.0,4240000000.0,132,25.0661,129
Haiti,HTI,GDP (current US$),NY.GDP.MKTP.CD,273187200.0,271066000.0,281896800.0,294883400.0,325281200.0,353251800.0,368948600.0,369124200.0,367968800.0,391820400.0,331200000.0,362800000.0,371998958.4,466798973.0,565399321.5,681400000.0,879000000.0,947000000.0,974200000.0,1080600000.0,1383800000.0,1479400000.0,1474200000.0,1623600000.0,1816200000.0,2009400000.0,2318000000.0,2047200000.0,2613926800.0,2736243800.0,3096289800.0,3473562628.0,2257129792.0,1878253767.0,2167569046.0,2813313279.0,2907517604.0,3338949152.0,3723903724.0,4153725884.0,6813566099.0,6331970324.0,6205847214.0,5071947798.0,6087360684.0,7030149730.0,7638739123.0,9228637768.0,10432962635.0,11597002835.0,11859312725.0,13008746039.0,13708925477.0,14902488604.0,15146883498.0,14849629309.0,14069277526.0,15093357161.0,16403864618.0,15016090930.0,14508222518.0,20877414953.0,20253551921.0,19850829758.0,101,24.9276,130
Peru,PER,GDP (current US$),NY.GDP.MKTP.CD,2571986572.0,2897852693.0,3284322201.0,3598272493.0,4353664867.0,5163008077.0,6109048737.0,6194340080.0,5736083835.0,6420909790.0,7432223177.0,8289582884.0,9189413409.0,10994381895.0,13858441211.0,16931162355.0,16131958851.0,14544913961.0,12491876743.0,15954012439.0,18136838538.0,21648214893.0,21794535621.0,17345260564.0,17600400385.0,15078736875.0,21859448586.0,36889706593.0,15439408447.0,22499558526.0,26410386963.0,34341465998.0,35966302303.0,34832077221.0,44882079767.0,53312793687.0,55252414130.0,58147522523.0,55501467877.0,50187324568.0,51744749133.0,52030158775.0,54777553515.0,58731030122.0,66768703498.0,76060606061.0,88643193062.0,102171000000.0,120551000000.0,120823000000.0,147528000000.0,171762000000.0,192650000000.0,201176000000.0,200786000000.0,189803000000.0,191898000000.0,211008000000.0,222597000000.0,228346000000.0,201410000000.0,226354000000.0,246489000000.0,267603000000.0,187,24.823,131
Lao PDR,LAO,GDP (current US$),NY.GDP.MKTP.CD,,,,,,,,,,,,,,,,,,,,,,,,,1757142856.0,2366666616.0,1776842097.0,1087273104.0,598961269.3,714046821.1,865559879.4,1028087972.0,1127806945.0,1327748690.0,1543606345.0,1763536305.0,1873671550.0,1747011857.0,1280177839.0,1454430642.0,1731198022.0,1768619058.0,1758176653.0,2023324407.0,2366398120.0,2735558735.0,3455030061.0,4223152739.0,5446433157.0,5836137330.0,7131771015.0,8750104617.0,10192846339.0,11983252627.0,13279245886.0,14426380126.0,15912501723.0,17071155481.0,18141641090.0,18740561513.0,18981805250.0,18827148531.0,15468785204.0,15843155731.0,130,24.3632,132
New Zealand,NZL,GDP (current US$),NY.GDP.MKTP.CD,5536098606.0,5721995118.0,6133158805.0,6699741943.0,7340766741.0,5706251654.0,5917437956.0,6016017494.0,5228045647.0,5814357967.0,6495605619.0,7911136757.0,9567331065.0,12802281898.0,13940981798.0,12861983284.0,13604832424.0,15446825318.0,18530518395.0,20731243113.0,23244547385.0,24417617184.0,24164603059.0,24309279706.0,21665975319.0,24679795396.0,30604668357.0,40376354070.0,45176811594.0,43920222525.0,45495129385.0,42745329732.0,41649829860.0,46775620817.0,55314732279.0,63918703507.0,70140835299.0,66075143415.0,56227169851.0,58762260626.0,52623281957.0,53872425917.0,66627729311.0,88250885550.0,103905000000.0,114720000000.0,111539000000.0,137189000000.0,133131000000.0,121374000000.0,146518000000.0,168295000000.0,176211000000.0,190910000000.0,201338000000.0,178104000000.0,188898000000.0,206567000000.0,211847000000.0,212847000000.0,212698000000.0,253644000000.0,246734000000.0,252176000000.0,181,24.2949,133
Luxembourg,LUX,GDP (current US$),NY.GDP.MKTP.CD,709941874.0,710163719.4,747846862.2,797902154.2,910877686.3,929477284.8,976717015.5,983052314.9,1075561623.0,1245432991.0,1457768455.0,1518773421.0,1901697370.0,2609875802.0,3183637117.0,3123333333.0,3423586207.0,3789321328.0,4718539772.0,5516982664.0,6019805490.0,5053665797.0,4602316793.0,4524217751.0,4438435493.0,4577211767.0,6685595088.0,8320902215.0,9418167855.0,10037674038.0,12778792854.0,13834219728.0,15518702635.0,15925521222.0,17701798891.0,20853093870.0,20895314658.0,19563836265.0,20150053345.0,21899317599.0,21230182989.0,21387533703.0,23649833332.0,29667268248.0,35064843793.0,37672280120.0,42910146296.0,51587401416.0,58844277702.0,54467289898.0,56213985987.0,61696281326.0,59776383527.0,65203276467.0,68804811898.0,60071584216.0,62216885436.0,65712180343.0,71000359760.0,69890505324.0,73699366700.0,85584105994.0,81641807866.0,85755006124.0,145,23.9656,134
Dominica,DMA,GDP (current US$),NY.GDP.MKTP.CD,,,,,,,,,,,,,,,,,,45872947.41,57130215.56,55017758.89,72804653.33,82107391.11,89527576.67,98665191.48,109157070.7,119491933.0,135161958.5,151868754.4,171106184.1,185137243.0,201429629.6,219762963.0,234059259.3,245525925.9,264374074.1,274522222.2,292285185.2,302988888.9,322411111.1,331759259.3,333470370.4,340203703.7,333196296.3,343311111.1,367200000.0,364255555.6,390251851.9,421374074.1,458188888.9,489074074.1,493825925.9,501025925.9,485996296.3,498296296.3,520429629.6,540737037.0,576229629.6,521551851.9,554770370.4,611537037.0,504214814.8,555266666.7,607159259.3,653992592.6,58,23.807,135
OECD members,OED,GDP (current US$),NY.GDP.MKTP.CD,1061140000000.0,1131590000000.0,1223650000000.0,1317150000000.0,1441320000000.0,1565920000000.0,1714360000000.0,1832350000000.0,1987510000000.0,2190280000000.0,2399740000000.0,2658590000000.0,3088390000000.0,3738690000000.0,4193650000000.0,4698900000000.0,5092320000000.0,5743190000000.0,6912900000000.0,7980890000000.0,8863830000000.0,9025700000000.0,8886280000000.0,9185940000000.0,9601040000000.0,10107100000000.0,12249500000000.0,14186900000000.0,15994900000000.0,16732700000000.0,18843000000000.0,19951300000000.0,21463800000000.0,21795600000000.0,23300200000000.0,25683800000000.0,25901600000000.0,25510100000000.0,25775400000000.0,27081500000000.0,27681900000000.0,27429300000000.0,28618600000000.0,32010200000000.0,35639100000000.0,37692600000000.0,39774200000000.0,43545900000000.0,46242400000000.0,43267700000000.0,45384800000000.0,48832900000000.0,48769400000000.0,49464600000000.0,50499400000000.0,47636500000000.0,48559800000000.0,50712000000000.0,53631800000000.0,54179500000000.0,53000800000000.0,59169600000000.0,60691300000000.0,64746600000000.0,182,23.6028,136
Pakistan,PAK,GDP (current US$),NY.GDP.MKTP.CD,3749265015.0,4118647627.0,4310163797.0,4630827383.0,5204955901.0,5929231415.0,6561108778.0,7464510710.0,8041999160.0,8683116338.0,10027509450.0,10665896682.0,9415016360.0,6383429490.0,8899191919.0,11230606061.0,13168080808.0,15126060606.0,17811515152.0,19688383838.0,23654444444.0,28100606061.0,30725971564.0,28691889764.0,31151825467.0,31144920844.0,31899070056.0,33351529275.0,38472742808.0,40171106279.0,40010423970.0,45625336680.0,48884671947.0,51809999353.0,52293470813.0,60636071684.0,63320170084.0,62433340468.0,62191955814.0,62973857069.0,99484802345.0,97145618480.0,97923302809.0,112372000000.0,132216000000.0,145209000000.0,161871000000.0,184141000000.0,202204000000.0,187338000000.0,196710000000.0,230587000000.0,250107000000.0,258657000000.0,271390000000.0,299964000000.0,313630000000.0,339206000000.0,356128000000.0,320909000000.0,300426000000.0,348517000000.0,374890000000.0,337912000000.0,185,23.4543,137
Netherlands,NLD,GDP (current US$),NY.GDP.MKTP.CD,13282979015.0,14599836396.0,15847582341.0,17193744109.0,20232048553.0,22721869808.0,24741480717.0,27143828099.0,30097635751.0,34086038090.0,38220884519.0,44644730576.0,54787070173.0,71946639603.0,87371810804.0,100397000000.0,109329000000.0,127204000000.0,156089000000.0,179934000000.0,195439000000.0,164376000000.0,158713000000.0,153671000000.0,144124000000.0,144058000000.0,201158000000.0,245407000000.0,262296000000.0,258717000000.0,318799000000.0,327982000000.0,363497000000.0,354070000000.0,379688000000.0,452967000000.0,451373000000.0,417506000000.0,438613000000.0,447779000000.0,417649000000.0,432536000000.0,475530000000.0,582436000000.0,661225000000.0,688134000000.0,737594000000.0,853499000000.0,957902000000.0,878954000000.0,852465000000.0,913141000000.0,845689000000.0,883952000000.0,901557000000.0,775744000000.0,797164000000.0,848234000000.0,929734000000.0,928903000000.0,932561000000.0,1054470000000.0,1046540000000.0,1154360000000.0,177,23.4249,138
Pacific island small states,PSS,GDP (current US$),NY.GDP.MKTP.CD,,,,,,,,,,,423802353.2,477298982.4,565885771.7,757316230.7,1027747650.0,1136928462.0,1137538860.0,1196696801.0,1371556833.0,1652934749.0,1890599862.0,1955541041.0,1925494376.0,1843535003.0,1938376709.0,1862560930.0,2030345447.0,1986467978.0,2046486236.0,2132424515.0,2385132399.0,2529727414.0,2776997637.0,2916179059.0,3414639458.0,3706127846.0,3971803074.0,3981656727.0,3432398234.0,3744260403.0,3448150247.0,3391833612.0,3556381490.0,4239895643.0,4876586124.0,5412999423.0,5681313918.0,6259631515.0,6703192591.0,6042913555.0,6647826743.0,7755256811.0,8219768450.0,8547552422.0,9288783801.0,9074649392.0,9525520080.0,10283468244.0,10792829234.0,10712120523.0,9516738321.0,9552334875.0,10339409999.0,11150695760.0,198,23.3451,139
Post-demographic dividend,PST,GDP (current US$),NY.GDP.MKTP.CD,1036600000000.0,1104130000000.0,1194530000000.0,1285270000000.0,1404160000000.0,1526910000000.0,1670590000000.0,1785380000000.0,1936420000000.0,2133290000000.0,2340440000000.0,2597990000000.0,3016880000000.0,3649120000000.0,4076750000000.0,4567850000000.0,4955910000000.0,5600530000000.0,6746070000000.0,7751430000000.0,8577670000000.0,8676820000000.0,8637110000000.0,8963310000000.0,9365160000000.0,9859950000000.0,12054000000000.0,13975000000000.0,15742800000000.0,16439200000000.0,18443100000000.0,19456200000000.0,20873200000000.0,21021700000000.0,22515800000000.0,24978400000000.0,25096500000000.0,24603400000000.0,24707700000000.0,25955100000000.0,26410300000000.0,26157000000000.0,27285100000000.0,30595400000000.0,34000500000000.0,35786100000000.0,37659900000000.0,41105400000000.0,43544900000000.0,41008600000000.0,42771500000000.0,45955100000000.0,45868200000000.0,46369300000000.0,47311400000000.0,44758300000000.0,45784200000000.0,47755700000000.0,50598100000000.0,51134900000000.0,50140800000000.0,55828900000000.0,57066800000000.0,60485200000000.0,199,23.3378,140
Channel Islands,CHI,GDP (current US$),NY.GDP.MKTP.CD,,,,,,,,,,,,,,,,,,,,,,,,,,,,,,,,,,,,,,,5945677377.0,6262740657.0,6439703435.0,6232906290.0,6663669065.0,7332244898.0,8553643354.0,8827272727.0,9676172953.0,11514605842.0,,9100755660.0,8902070446.0,9649313947.0,9455340154.0,9594160920.0,10528493035.0,10109968847.0,9169278193.0,9170079926.0,10026153345.0,10032440928.0,9439810776.0,11157002973.0,11308300346.0,12507927144.0,39,23.2954,141
High income,HIC,GDP (current US$),NY.GDP.MKTP.CD,1092550000000.0,1165200000000.0,1260150000000.0,1355500000000.0,1481520000000.0,1610330000000.0,1762150000000.0,1882520000000.0,2042020000000.0,2250760000000.0,2470680000000.0,2744910000000.0,3188710000000.0,3868520000000.0,4375300000000.0,4880920000000.0,5316250000000.0,6018130000000.0,7224160000000.0,8349720000000.0,9321370000000.0,9464730000000.0,9371250000000.0,9680590000000.0,10092100000000.0,10589800000000.0,12863000000000.0,14913600000000.0,16785100000000.0,17480900000000.0,19577100000000.0,20661400000000.0,22122000000000.0,22275500000000.0,23825300000000.0,26437200000000.0,26649600000000.0,26214400000000.0,26177400000000.0,27417600000000.0,28051800000000.0,27827900000000.0,29042600000000.0,32602900000000.0,36421500000000.0,38673200000000.0,41048100000000.0,45167400000000.0,48417900000000.0,45032400000000.0,47429100000000.0,51637700000000.0,51803500000000.0,52545700000000.0,53424900000000.0,49875500000000.0,50840900000000.0,53443200000000.0,56794000000000.0,57351000000000.0,55946300000000.0,62737900000000.0,64961300000000.0,68276500000000.0,96,23.0398,142
Fiji,FJI,GDP (current US$),NY.GDP.MKTP.CD,112328422.1,116987784.9,122906435.0,129454728.6,140032741.5,147084750.0,150603925.5,162625885.9,166952937.1,182182067.7,219878482.2,247749327.7,316656648.7,425950487.5,558587097.4,684282434.4,694540806.4,719501765.8,829267889.4,1019691460.0,1202618816.0,1235626771.0,1194059943.0,1123085190.0,1178000678.0,1141168944.0,1290267340.0,1177947965.0,1110009523.0,1182660266.0,1337017559.0,1383883250.0,1532411039.0,1636101247.0,1825732093.0,1970301486.0,2128696644.0,2090221137.0,1653146717.0,1936459986.0,1678219508.0,1652462023.0,1833279985.0,2300492465.0,2708078477.0,2980403845.0,3076305453.0,3378314600.0,3523185920.0,2870624636.0,3140166713.0,3779411899.0,3972028104.0,4189967999.0,4857104791.0,4682479912.0,4930213634.0,5353469171.0,5581425325.0,5444407214.0,4432466237.0,4305031631.0,4969503561.0,5442046565.0,77,23.0075,143
Africa Eastern and Southern,AFE,GDP (current US$),NY.GDP.MKTP.CD,24210632546.0,24963977551.0,27078797299.0,31775749181.0,30285794057.0,33813171214.0,36934974917.0,38452170916.0,41750716743.0,47058301051.0,47603733608.0,52199396059.0,56737525055.0,73098451709.0,89554214419.0,95315090875.0,96025945910.0,109231000000.0,124109000000.0,142130000000.0,178509000000.0,185163000000.0,178405000000.0,185823000000.0,170100000000.0,149398000000.0,160638000000.0,190275000000.0,207470000000.0,220712000000.0,256512000000.0,276494000000.0,241276000000.0,240096000000.0,243571000000.0,273433000000.0,273531000000.0,288378000000.0,268833000000.0,265429000000.0,287202000000.0,260992000000.0,267815000000.0,355716000000.0,442696000000.0,516661000000.0,580241000000.0,665599000000.0,713502000000.0,715485000000.0,849410000000.0,945439000000.0,952999000000.0,962395000000.0,978708000000.0,898278000000.0,828943000000.0,972999000000.0,1012310000000.0,1009720000000.0,933392000000.0,1085750000000.0,1191420000000.0,1245470000000.0,2,22.7284,144
West Bank and Gaza,PSE,GDP (current US$),NY.GDP.MKTP.CD,,,,,,,,,,,,,,,,,,,,,,,,,,,,,,,,,,,2843300000.0,3282800000.0,3409600000.0,3759800000.0,4067800000.0,4271200000.0,4313600000.0,4003700000.0,3555800000.0,3968000000.0,4603100000.0,5125700000.0,5348300000.0,5815700000.0,7310400000.0,8085700000.0,9681500000.0,11186100000.0,12208400000.0,13515500000.0,13989700000.0,13972400000.0,15405400000.0,16128000000.0,16276600000.0,17133500000.0,15531700000.0,18109000000.0,19165500000.0,17420800000.0,197,22.4175,145
United Arab Emirates,ARE,GDP (current US$),NY.GDP.MKTP.CD,,,,,,,,,,,685986701.3,939893599.6,1415086929.0,4231243616.0,11651505689.0,14720728249.0,19213158779.0,24871775165.0,23775764225.0,31225659621.0,43599160050.0,49333424135.0,46622718605.0,42803323345.0,41807954236.0,40603650232.0,33943612095.0,36384908744.0,36275674203.0,41464995914.0,50701443748.0,51552165622.0,54239171888.0,55625170253.0,59305093980.0,65743666576.0,73571233996.0,78839008445.0,75674336283.0,84445473111.0,104337000000.0,103312000000.0,109816000000.0,124346000000.0,147824000000.0,180617000000.0,222117000000.0,257916000000.0,315475000000.0,253547000000.0,300189000000.0,360833000000.0,384610000000.0,400219000000.0,414105000000.0,370275000000.0,369255000000.0,390517000000.0,427049000000.0,417990000000.0,349473000000.0,415179000000.0,502732000000.0,514130000000.0,9,22.1561,146
Portugal,PRT,GDP (current US$),NY.GDP.MKTP.CD,3339150158.0,3573719085.0,3835883663.0,4084251593.0,4429202657.0,4901711248.0,5370108031.0,6002607030.0,6644693214.0,7287555035.0,8108235704.0,9201604240.0,11239117865.0,15090564186.0,17512391476.0,19347607843.0,20332831565.0,21439523311.0,23487614051.0,26622819672.0,32896519824.0,31977276873.0,30527754793.0,27239650742.0,25217969050.0,27115807742.0,38745901354.0,48182925857.0,56347250696.0,60594092182.0,78713860217.0,89233599278.0,107592000000.0,95009751901.0,99688641304.0,118122000000.0,122630000000.0,117017000000.0,123946000000.0,127470000000.0,118605000000.0,121604000000.0,134796000000.0,165226000000.0,189382000000.0,197254000000.0,208756000000.0,240496000000.0,263416000000.0,244668000000.0,238444000000.0,245427000000.0,216537000000.0,226677000000.0,230079000000.0,199039000000.0,206305000000.0,220863000000.0,242093000000.0,240116000000.0,229619000000.0,256056000000.0,256899000000.0,289114000000.0,195,21.596,147
Madagascar,MDG,GDP (current US$),NY.GDP.MKTP.CD,673081724.8,699161944.6,739286907.6,759345863.7,802482183.7,833563473.0,900264584.6,956436932.1,1031669637.0,1056391056.0,1111859571.0,1199507631.0,1341590690.0,1653062335.0,1917508190.0,2283049215.0,2181844179.0,2358930406.0,2669755115.0,3463565854.0,5201818348.0,4759333998.0,4784977326.0,4686457031.0,3905938481.0,3802557895.0,4347989788.0,3212900556.0,3189456965.0,3175638333.0,3931334875.0,3254713056.0,3714966678.0,4063298919.0,3522227092.0,3838100904.0,4931861039.0,4262965420.0,4401967633.0,4277903780.0,4629247204.0,5438332602.0,5351701663.0,6372498890.0,5064732626.0,5859269753.0,6395712491.0,8524620890.0,10725137724.0,9616879409.0,9982711338.0,11551819618.0,11578975062.0,12423555455.0,12522957399.0,11323020701.0,11848613858.0,13176313594.0,13760033282.0,14104664679.0,13051441204.0,14554754117.0,15134700203.0,15790113247.0,152,21.3207,148
Solomon Islands,SLB,GDP (current US$),NY.GDP.MKTP.CD,,,,,,,,25203524.03,28084252.76,28606411.4,,50056882.82,40606712.05,55272108.84,84539332.28,74620320.03,83100834.31,93145283.36,111027427.2,151276496.5,182852106.5,193750540.7,192902018.7,181220399.0,181570473.8,165524943.5,147620047.7,155128542.4,176494394.0,172882410.6,214877666.8,227540473.3,269034595.8,300746361.1,402837005.3,469443201.5,510586430.2,526554006.0,457579840.2,488024514.4,419842674.2,409508553.0,346406738.9,417668983.4,468005318.6,552864570.2,617258154.3,695295347.6,776337691.8,805557562.6,898133684.9,1063895361.0,1185215418.0,1285911586.0,1335571421.0,1307909888.0,1379490304.0,1469789119.0,1615478393.0,1619155017.0,1536145814.0,1522794913.0,1566360686.0,1633319401.0,210,21.27,149
Uruguay,URY,GDP (current US$),NY.GDP.MKTP.CD,1242289239.0,1547388781.0,1710004407.0,1539681491.0,1975701816.0,1890767156.0,1809185094.0,1597713469.0,1593674185.0,2004435484.0,2137096774.0,2807258065.0,2189418689.0,3964296443.0,4090209682.0,3538278047.0,3667161241.0,4114670014.0,4910254566.0,7181182224.0,10163020116.0,11048301421.0,9178780077.0,5102276308.0,4850238550.0,4732017873.0,5880112788.0,7367494080.0,8213538369.0,8438951476.0,9298807850.0,11206176651.0,12878148791.0,15002136971.0,17474588896.0,19297663097.0,20515458114.0,23969739234.0,25385886978.0,23983945191.0,22823270892.0,20898761742.0,13606515723.0,12045638352.0,13686329890.0,17362857684.0,19741420740.0,23797773024.0,31119602539.0,32708319078.0,41950361212.0,50342406067.0,54232266359.0,61337621934.0,61496186974.0,57680327999.0,57480788390.0,65006039995.0,65344576348.0,62222325807.0,53668636568.0,60760798596.0,70164683290.0,77240830877.0,251,20.5891,150
Bermuda,BMU,GDP (current US$),NY.GDP.MKTP.CD,72400000.0,76500000.0,80700000.0,82600000.0,92200000.0,98000000.0,115000000.0,134800000.0,150000000.0,164900000.0,186300000.0,211100000.0,235400000.0,269500000.0,312600000.0,345000000.0,386300000.0,447000000.0,475800000.0,517200000.0,613299968.0,739100032.0,785500032.0,889400000.0,985699968.0,1039500032.0,1173500032.0,1296499968.0,1415100032.0,1501500032.0,1592400000.0,1634900000.0,1679900000.0,1820359900.0,1867160100.0,2030750000.0,2695390000.0,2932827000.0,3130748000.0,3324433000.0,3480219000.0,3680483000.0,3937228000.0,4186525000.0,4484703000.0,4868136000.0,6144000000.0,6767000000.0,6980000000.0,6656000000.0,6634526000.0,6312691000.0,6378188000.0,6465756000.0,6413988000.0,6654541000.0,6899911000.0,7142316000.0,7225977000.0,7423465000.0,6887147000.0,7286607000.0,7827980000.0,8141700000.0,28,20.5847,151
Barbados,BRB,GDP (current US$),NY.GDP.MKTP.CD,80021846.91,85363759.31,88782583.42,99893761.22,99252731.41,105021996.8,113195122.7,125553996.6,125733668.5,141393142.0,166210203.0,186826488.7,213725248.9,260767889.2,311804643.4,402178605.0,435911268.6,495097667.9,552883707.1,670362452.1,1012280615.0,1114204743.0,1163923830.0,1236016507.0,1346890071.0,1409536121.0,1547755183.0,1704370308.0,1812757918.0,2006165167.0,2012131457.0,2020583702.0,1957000000.0,2063342117.0,2151344901.0,2216974096.0,2363645403.0,2498384130.0,2817083478.0,2951822205.0,3059500000.0,3054500000.0,3106500000.0,3209500000.0,3444500000.0,3819500000.0,4217323400.0,4675767950.0,4790410400.0,4466809600.0,5191188500.0,5342183800.0,5271257500.0,5361158350.0,5365976700.0,5288057750.0,5330761500.0,5517340450.0,5629916200.0,5788288000.0,5168344450.0,5275242050.0,6257303500.0,6720733200.0,31,20.2296,152
Switzerland,CHE,GDP (current US$),NY.GDP.MKTP.CD,10412232621.0,11713348834.0,12989649694.0,14283872299.0,15833133858.0,16780226225.0,18019402374.0,19397044714.0,20712102794.0,22442043274.0,24998066773.0,30040171751.0,36844318854.0,49550006320.0,57103011446.0,65466081819.0,68476524644.0,73135771167.0,102280000000.0,114970000000.0,122558000000.0,112245000000.0,115043000000.0,114634000000.0,109455000000.0,110980000000.0,159090000000.0,199236000000.0,215541000000.0,208106000000.0,265764000000.0,268902000000.0,279921000000.0,272238000000.0,301375000000.0,352836000000.0,340104000000.0,294788000000.0,303459000000.0,297874000000.0,279216000000.0,286583000000.0,309301000000.0,362075000000.0,403913000000.0,418285000000.0,441635000000.0,490741000000.0,567268000000.0,554213000000.0,598851000000.0,715888000000.0,686420000000.0,706235000000.0,726538000000.0,694118000000.0,687895000000.0,695201000000.0,725569000000.0,721369000000.0,741999000000.0,813409000000.0,818427000000.0,884940000000.0,38,20.194,153
Palau,PLW,GDP (current US$),NY.GDP.MKTP.CD,,,,,,,,,,,11563041.0,12706874.0,13956474.0,15331889.0,16848759.0,18521112.0,20364420.0,22308104.0,24530015.0,27004251.0,29728054.0,32726594.0,36027583.0,39661530.0,44814259.0,51030637.0,58109314.0,66169905.0,75348615.0,85800543.0,97702303.0,106555300.0,104771300.0,96455700.0,106138500.0,121018500.0,137494600.0,143860800.0,149079600.0,144206500.0,149535800.0,159453500.0,162665500.0,154559900.0,166391600.0,191048400.0,193679700.0,200903600.0,201167300.0,189998000.0,188174300.0,198873900.0,215762400.0,225345718.8,243156484.4,278824781.3,298323500.0,285600000.0,288546281.3,281941562.5,258990843.8,235752906.3,255591062.5,281849062.5,189,20.0474,154
"Korea, Rep.",KOR,GDP (current US$),NY.GDP.MKTP.CD,3958811881.0,2417628737.0,2814615385.0,3988461538.0,3459019943.0,3120861499.0,3929055144.0,4855892446.0,6119394892.0,7678698838.0,9005144969.0,9903571249.0,10862211761.0,13876472208.0,19543973941.0,21784297521.0,29902479339.0,38446487603.0,51972107438.0,66946900826.0,65398377598.0,72933533012.0,78358416171.0,87760553262.0,97510744119.0,101296000000.0,116836000000.0,147949000000.0,199591000000.0,246929000000.0,283366000000.0,330647000000.0,355525000000.0,392666000000.0,463620000000.0,566581000000.0,610167000000.0,569755000000.0,383332000000.0,497514000000.0,576179000000.0,547656000000.0,627247000000.0,702715000000.0,793176000000.0,934901000000.0,1053220000000.0,1172610000000.0,1047340000000.0,943942000000.0,1143670000000.0,1253290000000.0,1278050000000.0,1370630000000.0,1484490000000.0,1466040000000.0,1499680000000.0,1623070000000.0,1725370000000.0,1651420000000.0,1644310000000.0,1818430000000.0,1673920000000.0,1712790000000.0,127,19.9768,155
Cabo Verde,CPV,GDP (current US$),NY.GDP.MKTP.CD,,,,,,,,,,,,,,,,,,,,,142246815.3,139468209.1,140630679.0,138476175.6,132019038.6,137728204.8,190651167.6,235253064.7,264308140.3,267448571.4,306890962.6,319827058.6,357160985.3,490417389.7,406580652.3,487148993.5,501979269.8,490608657.9,521910560.5,592416703.1,539227277.6,563090490.4,620507387.5,813260468.9,924940011.8,972241676.9,1107571458.0,1649621739.0,1959620648.0,1852334575.0,1824751468.0,2046817987.0,1913081210.0,2028910915.0,2041930125.0,1749857620.0,1849789993.0,1996741545.0,2205099509.0,2252177134.0,1821565618.0,2051842610.0,2247003348.0,2533819406.0,48,19.9268,156
Morocco,MAR,GDP (current US$),NY.GDP.MKTP.CD,2037154742.0,2025693540.0,2379611125.0,2657252578.0,2798345299.0,2948331090.0,2876401297.0,3046345314.0,3271422333.0,3651622669.0,3956336244.0,4356669034.0,5074117545.0,6242145880.0,7675466449.0,8984853005.0,9584297284.0,11049783872.0,13236946234.0,15911994817.0,21728516153.0,17788185479.0,17692276734.0,16251408128.0,14824667954.0,14991283216.0,19462085540.0,21765195948.0,25705296184.0,26314313191.0,30179954775.0,32285573574.0,33711069431.0,31655473664.0,35604137423.0,39030285468.0,43161571528.0,39147844526.0,46497608725.0,46266428648.0,43017455402.0,43831480208.0,47077192188.0,58029363354.0,66114145451.0,68852658069.0,75883823301.0,86947913287.0,101823000000.0,101155000000.0,100865000000.0,110081000000.0,106937000000.0,115739000000.0,119131000000.0,110414000000.0,111573000000.0,118541000000.0,127341000000.0,128920000000.0,121354000000.0,142022000000.0,130952000000.0,144417000000.0,149,19.8578,157
Malaysia,MYS,GDP (current US$),NY.GDP.MKTP.CD,1916229477.0,1901856123.0,2001489602.0,2510110348.0,2674423922.0,2956337669.0,3143517944.0,3188924677.0,3330371551.0,3664552041.0,3864145667.0,4244395956.0,5043347250.0,7662902678.0,9496204302.0,9298800799.0,11050234599.0,13139488633.0,16358079862.0,21213264962.0,24488224677.0,25004285792.0,26804493635.0,30347442111.0,33942897422.0,31199633353.0,27734111400.0,32181210158.0,35272109220.0,38847965293.0,44024585240.0,49143148094.0,59167550163.0,66894966969.0,74478356958.0,88705342903.0,100855000000.0,100005000000.0,72167498981.0,79148421053.0,93789736842.0,92783947368.0,100846000000.0,110202000000.0,124749000000.0,143534000000.0,162692000000.0,193550000000.0,230812000000.0,202257000000.0,255018000000.0,297952000000.0,314443000000.0,323276000000.0,338066000000.0,301355000000.0,301256000000.0,319109000000.0,358789000000.0,365178000000.0,337456000000.0,373785000000.0,407606000000.0,399705000000.0,170,19.1214,158
Ecuador,ECU,GDP (current US$),NY.GDP.MKTP.CD,2069464937.0,1753850955.0,1518207703.0,1824343871.0,2244146103.0,2387047396.0,2429308639.0,2553595172.0,2582179864.0,3112165727.0,2862503139.0,2754219271.0,3185986087.0,3891754150.0,6599257044.0,7731674472.0,9091921030.0,11026342618.0,11922497876.0,14175160902.0,17881508242.0,21810759354.0,19929846396.0,17152477037.0,16912509092.0,17149088413.0,15314138472.0,13945426859.0,13051881851.0,13890823705.0,15239272612.0,16988535268.0,18094238119.0,18938717359.0,22708673337.0,24432884442.0,25226393197.0,28162053027.0,27981896948.0,19645272636.0,17539454727.0,23127055000.0,27054197000.0,30965208000.0,35194947000.0,40278849000.0,45690762000.0,49848725000.0,61139438000.0,60094978000.0,68151329000.0,78986648000.0,87735048000.0,96570334000.0,102718000000.0,97209558000.0,97671433000.0,104467000000.0,107479000000.0,107596000000.0,95865472000.0,107435000000.0,116586000000.0,118845000000.0,67,18.7426,159
Belgium,BEL,GDP (current US$),NY.GDP.MKTP.CD,11810619368.0,12561701694.0,13436827167.0,14445805381.0,16168044450.0,17597783297.0,18894891312.0,20252508995.0,21654856965.0,24019653475.0,26706196047.0,29821661870.0,37209418019.0,47743801490.0,56033077879.0,65678189097.0,71113882968.0,82839905459.0,101247000000.0,116315000000.0,126829000000.0,104730000000.0,92095926188.0,87184239053.0,83349530159.0,86268264148.0,120019000000.0,149394000000.0,162299000000.0,164221000000.0,205332000000.0,210511000000.0,234782000000.0,224722000000.0,244884000000.0,288026000000.0,279201000000.0,252708000000.0,258528000000.0,258246000000.0,236792000000.0,236746000000.0,258384000000.0,318083000000.0,369215000000.0,385715000000.0,408260000000.0,470922000000.0,517328000000.0,485015000000.0,481557000000.0,527197000000.0,498414000000.0,524097000000.0,537987000000.0,461045000000.0,474272000000.0,500909000000.0,542639000000.0,536726000000.0,529694000000.0,598494000000.0,593439000000.0,644783000000.0,18,18.7173,160
Arab World,ARB,GDP (current US$),NY.GDP.MKTP.CD,,19997084154.0,20327670692.0,22362957618.0,24811627082.0,26769289694.0,28349126511.0,30598797625.0,34970677298.0,38561008451.0,43091222310.0,49926770848.0,59966658266.0,79125367982.0,152189000000.0,168159000000.0,209993000000.0,242270000000.0,265398000000.0,358111000000.0,486406000000.0,494916000000.0,463080000000.0,437471000000.0,440182000000.0,432868000000.0,405473000000.0,431258000000.0,429383000000.0,457369000000.0,641712000000.0,467953000000.0,467794000000.0,478927000000.0,499880000000.0,528480000000.0,570910000000.0,614597000000.0,598790000000.0,665415000000.0,763412000000.0,744729000000.0,746649000000.0,830076000000.0,987316000000.0,1210020000000.0,1439470000000.0,1674640000000.0,2118070000000.0,1829850000000.0,2155350000000.0,2560990000000.0,2795310000000.0,2858380000000.0,2905650000000.0,2544700000000.0,2500820000000.0,2572200000000.0,2867350000000.0,2899030000000.0,2562780000000.0,2969240000000.0,3609810000000.0,3512420000000.0,8,18.6208,161
Thailand,THA,GDP (current US$),NY.GDP.MKTP.CD,2760750861.0,3034037811.0,3308912797.0,3540403457.0,3889129942.0,4388937649.0,5279230817.0,5638461442.0,6081009428.0,6695336567.0,7086538438.0,7375000024.0,8177873151.0,10838587358.0,13702998512.0,14882770594.0,16985208648.0,19779312261.0,24006566637.0,27371650825.0,32353514989.0,34846039194.0,36589772404.0,40042798388.0,41797647776.0,38900711333.0,43096773981.0,50535446555.0,61667253471.0,72250748100.0,85343190719.0,98234714971.0,111453000000.0,128889000000.0,146684000000.0,169279000000.0,183035000000.0,150180000000.0,113676000000.0,126669000000.0,126392000000.0,120296000000.0,134301000000.0,152281000000.0,172896000000.0,189318000000.0,221758000000.0,262943000000.0,291383000000.0,281711000000.0,341105000000.0,370819000000.0,397558000000.0,420334000000.0,407339000000.0,401296000000.0,413366000000.0,456357000000.0,506754000000.0,543977000000.0,500462000000.0,506256000000.0,495645000000.0,514969000000.0,234,18.3768,162
Mozambique,MOZ,GDP (current US$),NY.GDP.MKTP.CD,,,,,,,,,,,,,,,,,,,,,,,,,,,,,,,,3854856435.0,2798696511.0,2883161897.0,2958108170.0,3061646174.0,4030146135.0,4873663775.0,5551118149.0,6285219691.0,5930685215.0,5650154067.0,5950769427.0,6583526861.0,7937255565.0,8868504900.0,9509835537.0,10811456006.0,12920340965.0,12263894790.0,11411894724.0,14619279989.0,16688114144.0,17198073057.0,17978246586.0,16208985770.0,12069051237.0,13264640646.0,15017358953.0,15512759047.0,14235420174.0,16168055475.0,18883528581.0,20954220984.0,166,17.9255,163
Ghana,GHA,GDP (current US$),NY.GDP.MKTP.CD,1217230095.0,1302674325.0,1382515654.0,1540797589.0,1731296200.0,2053462968.0,2126300672.0,1747187645.0,1666909518.0,1962050556.0,2215028588.0,2417108578.0,2112293280.0,3006766758.0,2894409938.0,2810106383.0,2765254237.0,3189428571.0,3662478185.0,4020227920.0,4445228216.0,4222441860.0,4035994398.0,4057275132.0,4412279843.0,4504306723.0,5735677434.0,5074829932.0,5197765032.0,5251858440.0,5889106573.0,6603185268.0,6416103926.0,5968922939.0,5446383727.0,6464382808.0,6932991739.0,6891443192.0,7482069162.0,7718109982.0,4982850662.0,5314872854.0,6166197848.0,7632723556.0,8881417907.0,10744568381.0,20885037597.0,24827339138.0,28679383241.0,26048720006.0,32197655567.0,39336668081.0,41271701061.0,62824629066.0,54783319817.0,49406010054.0,56164929305.0,60405924079.0,67298914624.0,68337969248.0,70043099676.0,79524421861.0,74263364042.0,76370396722.0,84,17.7369,164
United Kingdom,GBR,GDP (current US$),NY.GDP.MKTP.CD,73233967692.0,77741965703.0,81247564157.0,86561961812.0,94407558351.0,101825000000.0,108573000000.0,113117000000.0,107760000000.0,116465000000.0,130672000000.0,148114000000.0,169965000000.0,192538000000.0,206131000000.0,241757000000.0,232615000000.0,263066000000.0,335883000000.0,438994000000.0,564948000000.0,540766000000.0,515049000000.0,489618000000.0,461487000000.0,489285000000.0,601453000000.0,745163000000.0,910123000000.0,926885000000.0,1093170000000.0,1142800000000.0,1179660000000.0,1061390000000.0,1140490000000.0,1344240000000.0,1419650000000.0,1560910000000.0,1653690000000.0,1687830000000.0,1665530000000.0,1649830000000.0,1785730000000.0,2054420000000.0,2421530000000.0,2543180000000.0,2708440000000.0,3090510000000.0,2929410000000.0,2412840000000.0,2485480000000.0,2663810000000.0,2707090000000.0,2784850000000.0,3064710000000.0,2927910000000.0,2689110000000.0,2680150000000.0,2871340000000.0,2851410000000.0,2696780000000.0,3143320000000.0,3114040000000.0,3380850000000.0,82,17.6287,165
Comoros,COM,GDP (current US$),NY.GDP.MKTP.CD,,,,,,,,,,,,,,,,,,,,,212218261.6,196349931.5,184009013.6,191621954.9,184697225.6,196726096.3,279197721.8,337525852.6,356500032.7,341476768.3,429622177.7,424108769.5,457388651.5,452881475.1,319189184.3,398461797.0,396053805.9,364445600.5,370106745.9,382454989.9,351136579.6,378512024.1,425964681.0,546885222.7,633706110.8,653845169.2,698431793.9,795673152.9,915659108.0,905341172.7,907978730.9,1023086274.0,1015843491.0,1116224107.0,1149587661.0,966029600.9,1012835493.0,1077439757.0,1188797449.0,1195019532.0,1225039197.0,1296089480.0,1242519408.0,1352380971.0,47,17.4623,166
Oman,OMN,GDP (current US$),NY.GDP.MKTP.CD,44234653.98,45634484.8,56273199.05,59912759.18,61872522.33,63279974.69,67759972.9,107151832.5,188879848.9,239999808.0,256319794.9,301010587.1,366883548.3,483066990.6,1645917776.0,2096699189.0,2560220035.0,2741169948.0,2740301390.0,3733352635.0,5981760278.0,7259120151.0,7554719456.0,7932541691.0,8821443151.0,10005645420.0,7324167369.0,7811183095.0,8386215865.0,9372171651.0,13310273082.0,12918335501.0,14183615085.0,14230429129.0,14715214564.0,15722236671.0,17402080624.0,18039791938.0,16044213264.0,17832769831.0,22259557867.0,22205721717.0,23065539662.0,24733680104.0,28378933680.0,35506892068.0,42577633290.0,48300390117.0,69804681404.0,55454096229.0,64993498049.0,77497529259.0,87408842653.0,89936020806.0,92699089727.0,78710793238.0,75128738622.0,80856697009.0,91505851756.0,88060858257.0,75909492848.0,87323797139.0,111944000000.0,108811000000.0,183,17.3466,167
Chile,CHL,GDP (current US$),NY.GDP.MKTP.CD,4110000000.0,4829238095.0,5631285444.0,5591307028.0,5964195925.0,6108679126.0,7162633082.0,7057478295.0,7192102967.0,8359596194.0,9144112431.0,10876091408.0,11833904488.0,16826390944.0,16209693232.0,7621570062.0,10338624019.0,13965595122.0,15992038535.0,21806136346.0,29036709872.0,34509878044.0,19529291465.0,20362016672.0,19671768024.0,17717662228.0,18897110626.0,22250729667.0,26042571616.0,29936735491.0,33137824762.0,37846188228.0,45949608552.0,49287378599.0,56998601184.0,73444831671.0,78584098983.0,85741415285.0,81990010704.0,75578685736.0,78339750722.0,71574739561.0,70264045939.0,76492579644.0,99075985773.0,122294000000.0,153844000000.0,172491000000.0,179895000000.0,171778000000.0,217051000000.0,251383000000.0,267025000000.0,277395000000.0,259561000000.0,242450000000.0,249345000000.0,276154000000.0,295858000000.0,278285000000.0,254042000000.0,315515000000.0,302117000000.0,335533000000.0,40,17.3271,168
European Union,EUU,GDP (current US$),NY.GDP.MKTP.CD,284932000000.0,316580000000.0,349910000000.0,384453000000.0,426401000000.0,466575000000.0,505119000000.0,537820000000.0,577226000000.0,644160000000.0,728515000000.0,823502000000.0,993662000000.0,1286120000000.0,1455910000000.0,1694090000000.0,1775130000000.0,2011320000000.0,2449170000000.0,2960020000000.0,3311320000000.0,2889970000000.0,2787790000000.0,2710790000000.0,2612590000000.0,2686660000000.0,3753190000000.0,4639530000000.0,5093990000000.0,5202790000000.0,6505590000000.0,6730840000000.0,7390920000000.0,6750680000000.0,7157760000000.0,8298200000000.0,8433440000000.0,7735790000000.0,7970030000000.0,7936010000000.0,7288430000000.0,7407570000000.0,8100400000000.0,9956960000000.0,11449200000000.0,11954500000000.0,12768500000000.0,14789500000000.0,16365100000000.0,14846300000000.0,14643400000000.0,15876600000000.0,14734000000000.0,15400000000000.0,15764800000000.0,13655100000000.0,13990300000000.0,14870100000000.0,16091500000000.0,15808400000000.0,15504700000000.0,17496600000000.0,16995300000000.0,18590700000000.0,74,17.1629,169
St. Kitts and Nevis,KNA,GDP (current US$),NY.GDP.MKTP.CD,12366635.75,12483302.13,12541635.31,12833301.25,13416633.13,13593932.32,14469078.18,16742338.25,14600000.0,15850000.0,16300000.0,19624746.45,22944849.12,24196018.38,31514856.31,33364055.3,30095602.29,44496296.3,49433333.33,58840740.74,68459259.26,80888888.89,86022222.22,86874074.07,98603703.7,111007407.4,130685185.2,147748148.1,172692592.6,192518518.5,217259259.3,220540740.7,242137037.0,263755555.6,295159259.3,313485185.2,333944444.4,374641308.0,383257331.4,406595484.4,421695769.8,458643829.0,481077373.7,469869869.9,506900000.0,547203703.7,644414814.8,689285185.2,777692592.6,774274074.1,778718518.5,836092592.6,824585185.2,874548148.1,952111111.1,957222222.2,1006818519.0,1056977778.0,1076548148.0,1107855556.0,883922222.2,858622222.2,981429629.6,1055499778.0,126,17.1437,170
Austria,AUT,GDP (current US$),NY.GDP.MKTP.CD,6624086313.0,7346566038.0,7793042529.0,8414050621.0,9213648656.0,10041659445.0,10939526219.0,11634569522.0,12499863917.0,13647475854.0,15312791744.0,17788536733.0,21973207929.0,29399860145.0,35051468640.0,39902300703.0,42791707448.0,51343861460.0,61809208756.0,73647694287.0,81737498405.0,70755997062.0,70996111963.0,71838528420.0,67719055773.0,69114996010.0,98648254169.0,123682000000.0,132817000000.0,132584000000.0,165811000000.0,173113000000.0,194314000000.0,189634000000.0,202738000000.0,240094000000.0,235953000000.0,211725000000.0,217068000000.0,216422000000.0,196182000000.0,196477000000.0,212837000000.0,260780000000.0,299210000000.0,313952000000.0,333906000000.0,386760000000.0,429234000000.0,399290000000.0,389828000000.0,428955000000.0,406750000000.0,426581000000.0,438556000000.0,379546000000.0,393687000000.0,414926000000.0,452582000000.0,442984000000.0,434398000000.0,480467000000.0,471774000000.0,511685000000.0,15,16.6321,171
Middle East & North Africa,MEA,GDP (current US$),NY.GDP.MKTP.CD,25169910582.0,26730873313.0,26352479346.0,29171558729.0,32468958630.0,35485036092.0,37999773463.0,40929683210.0,46987648800.0,52418297699.0,59037248575.0,68081996065.0,83449708203.0,114702000000.0,211138000000.0,230572000000.0,287241000000.0,333436000000.0,352581000000.0,462052000000.0,595840000000.0,610114000000.0,609097000000.0,618856000000.0,623241000000.0,635011000000.0,642574000000.0,596371000000.0,590916000000.0,608697000000.0,794200000000.0,625846000000.0,659768000000.0,612611000000.0,648758000000.0,716061000000.0,796664000000.0,835240000000.0,816820000000.0,888446000000.0,995464000000.0,990205000000.0,982254000000.0,1091930000000.0,1287570000000.0,1545030000000.0,1815640000000.0,2146340000000.0,2676960000000.0,2404910000000.0,2822240000000.0,3401560000000.0,3662120000000.0,3610790000000.0,3630930000000.0,3202940000000.0,3236200000000.0,3375980000000.0,3608660000000.0,3598450000000.0,3207940000000.0,3807870000000.0,4475710000000.0,4320570000000.0,154,16.4279,172
Mauritius,MUS,GDP (current US$),NY.GDP.MKTP.CD,162089563.8,191757729.5,197738207.9,253839557.9,218914569.2,230024160.5,227534083.5,238439290.9,206576630.6,221553612.9,224125805.0,251437337.8,318664899.6,404285775.1,669894029.6,673311287.1,713510051.5,834722972.2,1029040323.0,1227446632.0,1147027924.0,1157769444.0,1092923636.0,1104956573.0,1054564759.0,1090611325.0,1482601552.0,1906174438.0,2163252449.0,2211312823.0,2689212760.0,2895354736.0,3267677814.0,3307302126.0,3606050873.0,4094741652.0,4481489762.0,4243755308.0,4225813976.0,4402193195.0,4726108622.0,4675755867.0,4906494249.0,5894873920.0,6667418752.0,6576108447.0,7028810681.0,8150150209.0,9990356674.0,9128843109.0,10003670690.0,11518413430.0,11668696397.0,12292974141.0,13074129952.0,12007291046.0,12594155464.0,13713506131.0,14735695931.0,14436346980.0,11408106446.0,11484348858.0,12927979286.0,14644524819.0,168,16.0575,173
Spain,ESP,GDP (current US$),NY.GDP.MKTP.CD,12424514014.0,14238126760.0,16609632791.0,19631714760.0,21966876027.0,25479619607.0,29559436183.0,32570905397.0,32394326464.0,37090689288.0,40963715237.0,46586119760.0,59090176029.0,78583355226.0,97204522642.0,114695000000.0,118423000000.0,132355000000.0,160485000000.0,214449000000.0,232601000000.0,202663000000.0,195857000000.0,170829000000.0,171980000000.0,180664000000.0,251142000000.0,318520000000.0,375892000000.0,414461000000.0,536175000000.0,576754000000.0,630465000000.0,524701000000.0,530184000000.0,614170000000.0,642251000000.0,589740000000.0,618731000000.0,634395000000.0,598103000000.0,627799000000.0,708938000000.0,907963000000.0,1069830000000.0,1154670000000.0,1261850000000.0,1476750000000.0,1636120000000.0,1496590000000.0,1427990000000.0,1487570000000.0,1330990000000.0,1362190000000.0,1380240000000.0,1206160000000.0,1243020000000.0,1321750000000.0,1431640000000.0,1403500000000.0,1289780000000.0,1461240000000.0,1446500000000.0,1620090000000.0,71,15.9189,174
Germany,DEU,GDP (current US$),NY.GDP.MKTP.CD,84619845881.0,96558204043.0,105895000000.0,112233000000.0,123330000000.0,134775000000.0,143304000000.0,145101000000.0,156527000000.0,177733000000.0,216629000000.0,250901000000.0,300900000000.0,399834000000.0,446935000000.0,492434000000.0,521659000000.0,602698000000.0,743183000000.0,884574000000.0,953772000000.0,803405000000.0,779422000000.0,773508000000.0,727768000000.0,735219000000.0,1050090000000.0,1302930000000.0,1406370000000.0,1404090000000.0,1778160000000.0,1875790000000.0,2141380000000.0,2078950000000.0,2215280000000.0,2593050000000.0,2506580000000.0,2218790000000.0,2247760000000.0,2213870000000.0,1966980000000.0,1966380000000.0,2102350000000.0,2534720000000.0,2852320000000.0,2893390000000.0,3046310000000.0,3484060000000.0,3808790000000.0,3479800000000.0,3468150000000.0,3824830000000.0,3597900000000.0,3808090000000.0,3965800000000.0,3423570000000.0,3537780000000.0,3763090000000.0,4052010000000.0,3957210000000.0,3940140000000.0,4348300000000.0,4163600000000.0,4525700000000.0,56,15.8563,175
Andorra,AND,GDP (current US$),NY.GDP.MKTP.CD,,,,,,,,,,,78617711.1,89406608.15,113414397.4,150841639.3,186557082.0,220112572.2,227283850.8,253997897.2,308020261.2,411548748.4,446377776.8,388983266.2,375914743.6,327850042.5,330073080.6,346742714.7,481996012.9,611299924.5,721425939.2,795489582.0,1028989692.0,1106891362.0,1209992020.0,1007090270.0,1017544069.0,1178745283.0,1224024139.0,1180645572.0,1211953994.0,1240295199.0,1432606189.0,1548265808.0,1764279824.0,2366941809.0,2900245324.0,3161084091.0,3459337987.0,3957625367.0,4102319399.0,3688976341.0,3449925739.0,3629133574.0,3188652765.0,3193512950.0,3271685597.0,2789881259.0,2896610480.0,3000162081.0,3218419897.0,3155149348.0,2891001149.0,3324647529.0,3380612573.0,3785067332.0,7,15.6286,176
Euro area,EMU,GDP (current US$),NY.GDP.MKTP.CD,251413000000.0,279722000000.0,309383000000.0,340513000000.0,377250000000.0,412364000000.0,446134000000.0,474087000000.0,509702000000.0,569432000000.0,645110000000.0,731196000000.0,883508000000.0,1147310000000.0,1301010000000.0,1507220000000.0,1573330000000.0,1790460000000.0,2191880000000.0,2655410000000.0,2973690000000.0,2583760000000.0,2500980000000.0,2440100000000.0,2341110000000.0,2404990000000.0,3377300000000.0,4177530000000.0,4594900000000.0,4693110000000.0,5905620000000.0,6127710000000.0,6750510000000.0,6180490000000.0,6531160000000.0,7540040000000.0,7629500000000.0,6977670000000.0,7174360000000.0,7148860000000.0,6528630000000.0,6631900000000.0,7241860000000.0,8921230000000.0,10231000000000.0,10611800000000.0,11288300000000.0,13000300000000.0,14296300000000.0,13084300000000.0,12786100000000.0,13810200000000.0,12786700000000.0,13358700000000.0,13683300000000.0,11828600000000.0,12124600000000.0,12839900000000.0,13867900000000.0,13587000000000.0,13266900000000.0,14917700000000.0,14452000000000.0,15780700000000.0,69,15.3479,177
Denmark,DNK,GDP (current US$),NY.GDP.MKTP.CD,6361166545.0,7058361229.0,7953274741.0,8466044980.0,9677401337.0,10870670865.0,11931740293.0,13059064806.0,13505574133.0,15414902667.0,17075457733.0,19086192720.0,23230667549.0,30718181337.0,34125712481.0,40418967666.0,44503607444.0,49711709588.0,60320089218.0,70393030603.0,70811287816.0,61459941461.0,60084214872.0,60331158447.0,58868891335.0,62452421011.0,87748695217.0,109183000000.0,115540000000.0,112312000000.0,138218000000.0,139181000000.0,152966000000.0,143111000000.0,156018000000.0,184848000000.0,187481000000.0,173241000000.0,176877000000.0,177888000000.0,164044000000.0,164882000000.0,178788000000.0,218421000000.0,251986000000.0,265150000000.0,283386000000.0,320213000000.0,354979000000.0,322619000000.0,322346000000.0,344316000000.0,326793000000.0,344631000000.0,352833000000.0,301759000000.0,312182000000.0,331611000000.0,355293000000.0,345401000000.0,355631000000.0,408378000000.0,401946000000.0,407092000000.0,59,15.3432,178
Europe & Central Asia (excluding high income),ECA,GDP (current US$),NY.GDP.MKTP.CD,,,,,,,,,,,,,,,,,,,,,,,,,,,,237833000000.0,263709000000.0,299412000000.0,358224000000.0,345019000000.0,332223000000.0,343131000000.0,268768000000.0,307712000000.0,326484000000.0,346373000000.0,421243000000.0,384142000000.0,390705000000.0,335073000000.0,389839000000.0,497108000000.0,639832000000.0,796696000000.0,926798000000.0,1167200000000.0,1397090000000.0,1164930000000.0,1379350000000.0,1568790000000.0,1654300000000.0,1804350000000.0,1731770000000.0,1509290000000.0,1448930000000.0,1494520000000.0,1468180000000.0,1498310000000.0,1437140000000.0,1670340000000.0,1817980000000.0,2129700000000.0,65,15.2768,179
Samoa,WSM,GDP (current US$),NY.GDP.MKTP.CD,,,,,,,,,,,45208337.61,53719568.97,62566116.38,82452985.37,93549610.93,93489282.55,85003077.7,98295671.03,108223444.2,122257392.9,125747038.0,118190654.7,121221651.6,111862823.6,109200934.3,95572172.98,100947848.6,111713922.1,133016065.4,122888609.7,125766269.8,125597205.4,132303041.4,133122897.2,221098106.5,224865731.4,249907868.8,285475591.9,269485244.2,255408060.3,258856139.8,266299591.5,281790134.2,333426188.4,407747565.1,476801793.2,499923757.8,573548459.8,641346191.7,628006115.4,680260907.2,744097050.2,773141661.2,797736334.3,796683519.6,824150498.7,843924796.7,884844384.5,878448433.4,912950466.1,868898358.3,843923638.7,832945205.6,938189443.8,261,14.9707,180
Argentina,ARG,GDP (current US$),NY.GDP.MKTP.CD,,,24450604878.0,18272123664.0,25605249382.0,28344705967.0,28630474728.0,24256667553.0,26436857247.0,31256284544.0,31584210366.0,33293199095.0,34733000536.0,52544000117.0,72436777342.0,52438647922.0,51169499892.0,56781000101.0,89049453088.0,69252328952.0,76961923741.0,78676842367.0,84307486837.0,103979000000.0,116915000000.0,88150891728.0,105872000000.0,108811000000.0,126890000000.0,76629728760.0,141353000000.0,189720000000.0,228779000000.0,236742000000.0,257440000000.0,258032000000.0,272150000000.0,292859000000.0,298948000000.0,283523000000.0,284204000000.0,268697000000.0,97724004252.0,127587000000.0,164658000000.0,198737000000.0,232557000000.0,287531000000.0,361558000000.0,332976000000.0,423627000000.0,530158000000.0,545982000000.0,552025000000.0,526320000000.0,594749000000.0,557532000000.0,643628000000.0,524820000000.0,447755000000.0,385741000000.0,486564000000.0,632790000000.0,646075000000.0,10,14.5571,181
Europe & Central Asia,ECS,GDP (current US$),NY.GDP.MKTP.CD,426425000000.0,469110000000.0,513040000000.0,561049000000.0,620036000000.0,676117000000.0,731240000000.0,776911000000.0,818393000000.0,907615000000.0,1020350000000.0,1151510000000.0,1381160000000.0,1757540000000.0,1986170000000.0,2318870000000.0,2411460000000.0,2728320000000.0,3344220000000.0,4077510000000.0,4609160000000.0,4105640000000.0,3957140000000.0,3837840000000.0,3689420000000.0,3817470000000.0,5207430000000.0,6431600000000.0,7161660000000.0,7257560000000.0,8870720000000.0,9140430000000.0,9789430000000.0,8994840000000.0,9408470000000.0,10871000000000.0,11096000000000.0,10524200000000.0,10795100000000.0,10686900000000.0,10077600000000.0,10182000000000.0,11151000000000.0,13559300000000.0,15805000000000.0,16824400000000.0,18222800000000.0,21289500000000.0,23433000000000.0,20628500000000.0,21103200000000.0,23416500000000.0,22545200000000.0,23559100000000.0,23897400000000.0,20583200000000.0,20511300000000.0,21765900000000.0,23306300000000.0,23031900000000.0,22286600000000.0,25524000000000.0,25662600000000.0,27554100000000.0,66,14.4987,182
Turkiye,TUR,GDP (current US$),NY.GDP.MKTP.CD,7566666667.0,7988888889.0,8922222222.0,10355555556.0,11177777778.0,11966666667.0,14100000000.0,15644444444.0,17500000000.0,19466666667.0,17863636364.0,16166666667.0,20650000000.0,26000000000.0,35414285714.0,46042857143.0,51450000000.0,58683333333.0,65912500000.0,89616129032.0,68823684211.0,71180180180.0,64369325153.0,61803555556.0,59937602180.0,67232758621.0,75673037037.0,87190081680.0,90875175809.0,107127000000.0,150656000000.0,151035000000.0,159105000000.0,180416000000.0,130650000000.0,169320000000.0,181464000000.0,189878000000.0,275942000000.0,256396000000.0,274295000000.0,201753000000.0,240249000000.0,314596000000.0,408865000000.0,506315000000.0,557076000000.0,681321000000.0,770449000000.0,649289000000.0,776967000000.0,838785000000.0,880556000000.0,957799000000.0,938935000000.0,864314000000.0,869683000000.0,858988000000.0,778972000000.0,761006000000.0,720338000000.0,819865000000.0,907118000000.0,1118250000000.0,245,14.3484,183
Canada,CAN,GDP (current US$),NY.GDP.MKTP.CD,40563768947.0,41038192838.0,42336211556.0,45140337827.0,49503663836.0,54649410479.0,61252415405.0,65856924424.0,72048833006.0,79405011125.0,88192257632.0,99606454744.0,113464000000.0,131764000000.0,160949000000.0,174420000000.0,207272000000.0,212325000000.0,219370000000.0,243891000000.0,274777000000.0,307247000000.0,314648000000.0,341866000000.0,356718000000.0,366186000000.0,379007000000.0,433134000000.0,509380000000.0,567212000000.0,596076000000.0,612528000000.0,594387000000.0,579054000000.0,579944000000.0,605961000000.0,630608000000.0,654987000000.0,634000000000.0,678412000000.0,744773000000.0,738982000000.0,760649000000.0,895541000000.0,1026690000000.0,1173110000000.0,1319260000000.0,1468820000000.0,1552990000000.0,1374630000000.0,1617340000000.0,1793330000000.0,1828370000000.0,1846600000000.0,1805750000000.0,1556510000000.0,1527990000000.0,1649270000000.0,1725330000000.0,1743730000000.0,1655680000000.0,2007470000000.0,2161480000000.0,2142470000000.0,36,13.8098,184
Puerto Rico,PRI,GDP (current US$),NY.GDP.MKTP.CD,1691900000.0,1865100000.0,2094400000.0,2333600000.0,2570500000.0,2881500000.0,3170500000.0,3532700000.0,3941700000.0,4460700000.0,5034700000.0,5646800000.0,6328900000.0,7002400000.0,7684800000.0,8198300000.0,8968600000.0,9910900000.0,11165000000.0,12750000000.0,14436100000.0,15955700000.0,16764200000.0,17276600000.0,19162600000.0,20289200000.0,22009300000.0,24025800000.0,26385800000.0,28161200000.0,30603919000.0,32287031000.0,34630430000.0,36922456000.0,39690630000.0,42647331000.0,45340835000.0,48187039000.0,54086400000.0,57841000000.0,61701800000.0,69208400000.0,71623500000.0,74827400000.0,80322313000.0,83914521300.0,87276164400.0,89524131600.0,93639300000.0,96385600000.0,98381300000.0,100352000000.0,101565000000.0,102450000000.0,102446000000.0,103376000000.0,104337000000.0,103446000000.0,100958000000.0,105126000000.0,103131000000.0,106427000000.0,113567000000.0,117902000000.0,193,13.1058,185
Sub-Saharan Africa (IDA & IBRD countries),TSS,GDP (current US$),NY.GDP.MKTP.CD,35999878594.0,37529010104.0,40561501232.0,46136363835.0,45900075440.0,50553642033.0,54791062255.0,54853772525.0,58697940809.0,66271375018.0,74013525326.0,76093761638.0,85744484210.0,109301000000.0,138669000000.0,152251000000.0,164707000000.0,180995000000.0,202694000000.0,238972000000.0,299157000000.0,404311000000.0,376182000000.0,337782000000.0,301830000000.0,288162000000.0,270024000000.0,302359000000.0,318213000000.0,323805000000.0,379312000000.0,405375000000.0,365094000000.0,369118000000.0,377663000000.0,480484000000.0,536642000000.0,564645000000.0,565925000000.0,404066000000.0,428341000000.0,410381000000.0,446811000000.0,562596000000.0,698496000000.0,828851000000.0,977635000000.0,1131740000000.0,1282820000000.0,1225400000000.0,1449560000000.0,1629330000000.0,1692940000000.0,1799330000000.0,1876120000000.0,1670040000000.0,1523300000000.0,1660850000000.0,1782800000000.0,1836200000000.0,1723190000000.0,1935060000000.0,2075400000000.0,2044580000000.0,242,11.9951,186
Sub-Saharan Africa,SSF,GDP (current US$),NY.GDP.MKTP.CD,35999878594.0,37529010104.0,40561501232.0,46136363835.0,45900075440.0,50553642033.0,54791062255.0,54853772525.0,58697940809.0,66271375018.0,74013525326.0,76093761638.0,85744484210.0,109301000000.0,138669000000.0,152251000000.0,164707000000.0,180995000000.0,202694000000.0,238972000000.0,299157000000.0,404311000000.0,376182000000.0,337782000000.0,301830000000.0,288162000000.0,270024000000.0,302359000000.0,318213000000.0,323805000000.0,379312000000.0,405375000000.0,365094000000.0,369118000000.0,377663000000.0,480484000000.0,536642000000.0,564645000000.0,565925000000.0,404066000000.0,428341000000.0,410381000000.0,446811000000.0,562596000000.0,698496000000.0,828851000000.0,977635000000.0,1131740000000.0,1282820000000.0,1225400000000.0,1449560000000.0,1629330000000.0,1692940000000.0,1799330000000.0,1876120000000.0,1670040000000.0,1523300000000.0,1660850000000.0,1782800000000.0,1836200000000.0,1723190000000.0,1935060000000.0,2075400000000.0,2044580000000.0,218,11.9951,187
Sub-Saharan Africa (excluding high income),SSA,GDP (current US$),NY.GDP.MKTP.CD,35988399589.0,37518094290.0,40549575982.0,46123312273.0,45885359763.0,50538951214.0,54775665462.0,54838167165.0,58683164886.0,66256584864.0,73996942605.0,76073514867.0,85715420447.0,109266000000.0,138629000000.0,152206000000.0,164661000000.0,180934000000.0,202611000000.0,238847000000.0,299003000000.0,404152000000.0,376029000000.0,337630000000.0,301671000000.0,287984000000.0,269804000000.0,302094000000.0,317911000000.0,323480000000.0,378918000000.0,404976000000.0,364631000000.0,368611000000.0,377143000000.0,479941000000.0,536105000000.0,564044000000.0,565275000000.0,403399000000.0,427683000000.0,409715000000.0,446064000000.0,561842000000.0,697599000000.0,827869000000.0,976549000000.0,1130660000000.0,1281840000000.0,1224550000000.0,1448580000000.0,1628270000000.0,1691850000000.0,1798000000000.0,1874740000000.0,1668610000000.0,1521740000000.0,1659170000000.0,1781020000000.0,1834340000000.0,1721810000000.0,1933570000000.0,2073340000000.0,2042440000000.0,216,11.968,188
Europe & Central Asia (IDA & IBRD countries),TEC,GDP (current US$),NY.GDP.MKTP.CD,,,,,,,,,,,,,,,,,,,,,,,,,,,,,992510000000.0,965501000000.0,1024760000000.0,1006510000000.0,931624000000.0,920448000000.0,830059000000.0,925406000000.0,952472000000.0,982273000000.0,949788000000.0,823773000000.0,895734000000.0,911102000000.0,1024130000000.0,1260030000000.0,1629860000000.0,2040780000000.0,2468440000000.0,3174790000000.0,3930830000000.0,3116930000000.0,3662180000000.0,4455830000000.0,4651700000000.0,4920500000000.0,4649630000000.0,3632530000000.0,3490880000000.0,3922720000000.0,4091550000000.0,4175890000000.0,3916850000000.0,4642910000000.0,5237810000000.0,5497900000000.0,232,10.5022,189
Paraguay,PRY,GDP (current US$),NY.GDP.MKTP.CD,288884368.0,322053713.2,360698412.7,383904761.9,408349206.3,443587301.6,465888888.9,492674603.2,517650793.7,556293650.8,594611111.1,664571428.6,769039682.5,995531746.0,1333475397.0,1511420635.0,1698960317.0,2092158730.0,2559857143.0,3416777778.0,4448087302.0,5624515873.0,5419411765.0,5673248726.0,4502462807.0,3282449236.0,3723993943.0,3971044724.0,4255683528.0,4757732200.0,5812114523.0,6984367763.0,7157424031.0,7249533620.0,7870982005.0,9062131475.0,9788391781.0,9965225678.0,9260481572.0,8837070236.0,8855705140.0,8495806432.0,7196260657.0,7691367471.0,9624440836.0,10737500188.0,13429430050.0,17856393235.0,24615267664.0,22355151162.0,27260886405.0,33756238767.0,33271921136.0,38501122141.0,40377929296.0,36211447840.0,36089700223.0,38997129474.0,40225448341.0,37925338329.0,35432178068.0,39950899939.0,41952910858.0,42956263544.0,196,10.3713,190
Latin America & Caribbean,LCN,GDP (current US$),NY.GDP.MKTP.CD,84329838400.0,89709981774.0,98261282127.0,99893385581.0,111053000000.0,119372000000.0,131433000000.0,134062000000.0,143869000000.0,160710000000.0,175327000000.0,195536000000.0,219954000000.0,292519000000.0,379199000000.0,397745000000.0,436198000000.0,479039000000.0,574382000000.0,644576000000.0,783501000000.0,894561000000.0,823713000000.0,726722000000.0,764778000000.0,756311000000.0,765777000000.0,821881000000.0,901489000000.0,995447000000.0,1182930000000.0,1190360000000.0,1299290000000.0,1537240000000.0,1795860000000.0,1942630000000.0,2101360000000.0,2303820000000.0,2332210000000.0,2107780000000.0,2326950000000.0,2282570000000.0,2052730000000.0,2091860000000.0,2405430000000.0,2903180000000.0,3397280000000.0,3998720000000.0,4644080000000.0,4357530000000.0,5397420000000.0,6138990000000.0,6210850000000.0,6364360000000.0,6485370000000.0,5420630000000.0,5285770000000.0,5869260000000.0,5743190000000.0,5659310000000.0,4805510000000.0,5581050000000.0,6344870000000.0,7100140000000.0,135,10.3629,191
Latin America & Caribbean (excluding high income),LAC,GDP (current US$),NY.GDP.MKTP.CD,68130522456.0,71345935571.0,77595201160.0,78213093937.0,89666050881.0,97214133308.0,107481000000.0,109339000000.0,117676000000.0,131849000000.0,143390000000.0,158735000000.0,180629000000.0,241709000000.0,317537000000.0,342492000000.0,372930000000.0,404813000000.0,491325000000.0,540526000000.0,652873000000.0,746741000000.0,689044000000.0,595414000000.0,639367000000.0,629409000000.0,638142000000.0,699199000000.0,760016000000.0,863946000000.0,1037520000000.0,1030860000000.0,1119040000000.0,1348230000000.0,1592920000000.0,1697850000000.0,1853070000000.0,2021900000000.0,2038850000000.0,1810330000000.0,2001500000000.0,1951440000000.0,1757090000000.0,1793950000000.0,2043690000000.0,2470510000000.0,2881100000000.0,3401610000000.0,3931410000000.0,3643250000000.0,4556440000000.0,5320450000000.0,5297870000000.0,5436640000000.0,5457300000000.0,4634560000000.0,4496980000000.0,5012880000000.0,4870400000000.0,4803450000000.0,4047060000000.0,4693450000000.0,5393060000000.0,6057470000000.0,129,10.249,192
Kazakhstan,KAZ,GDP (current US$),NY.GDP.MKTP.CD,,,,,,,,,,,,,,,,,,,,,,,,,,,,,,,26932016270.0,24923076923.0,24917355372.0,23409260880.0,21250792886.0,20374302652.0,21035357937.0,22165932063.0,22135245507.0,16870817182.0,18291990662.0,22152689180.0,24636598527.0,30833692900.0,43151647003.0,57123671734.0,81003864630.0,104850000000.0,133442000000.0,115309000000.0,148047000000.0,192626000000.0,207999000000.0,236635000000.0,221416000000.0,184388000000.0,137278000000.0,166806000000.0,179340000000.0,181667000000.0,171082000000.0,197112000000.0,225496000000.0,262642000000.0,121,9.9021,193
Myanmar,MMR,GDP (current US$),NY.GDP.MKTP.CD,545098447.6,605581577.3,634528872.0,598998418.7,411419905.8,367053117.2,293103478.5,420359035.9,559956130.3,571854214.6,563555630.8,587448405.5,662213082.7,719754655.4,1225589878.0,1061107354.0,1204699849.0,873579931.9,935408775.0,952265043.4,1038225167.0,1111000765.0,1481165468.0,1381573615.0,1304063253.0,1478908173.0,1582873750.0,1562448077.0,1541088312.0,2013448229.0,2115193513.0,2069832687.0,2411552289.0,3163020035.0,4432257174.0,5289174943.0,6123556717.0,4722288496.0,6459461639.0,8486832801.0,8905066164.0,6477790688.0,6777632512.0,10467109978.0,10567354056.0,11986972419.0,14502553710.0,20182477481.0,31862554102.0,36906181381.0,49540813342.0,59977326086.0,59937796648.0,60269732855.0,65531374200.0,59607290408.0,63298361996.0,66053040483.0,67860515990.0,75065106228.0,79006113643.0,66345291160.0,62253049892.0,66757619000.0,161,9.7186,194
Gabon,GAB,GDP (current US$),NY.GDP.MKTP.CD,141468977.8,167637907.1,182796536.3,154480244.1,215679855.3,226474285.8,245849781.3,271543680.0,294468564.2,318124701.5,323802475.5,381687072.6,430508358.5,722780701.3,1544216002.0,2157592940.0,3009409974.0,2809349069.0,2389479272.0,3030251120.0,4279637942.0,3862269121.0,3618007841.0,3391275732.0,3561451561.0,3339914757.0,3403638189.0,3281797043.0,3834503376.0,4186411464.0,5952293765.0,5402919785.0,5592390827.0,4378645081.0,4190819344.0,4958845648.0,5694040003.0,5326817115.0,4483417310.0,4662992036.0,5080483629.0,5023265413.0,5335451100.0,6511903365.0,7770219008.0,9582783991.0,10327598306.0,12455409587.0,15571348344.0,12113699068.0,14372593020.0,18210307744.0,17170464016.0,17595744798.0,18203966896.0,14383107763.0,14023890265.0,14929487485.0,16867326402.0,16874405465.0,15342236164.0,19444935097.0,20440655695.0,19388402542.0,81,9.246,195
Latin America & the Caribbean (IDA & IBRD countries),TLA,GDP (current US$),NY.GDP.MKTP.CD,79359156748.0,84319336310.0,92280330981.0,93584779153.0,104061000000.0,111723000000.0,122997000000.0,125114000000.0,134090000000.0,149697000000.0,163191000000.0,181432000000.0,203809000000.0,273410000000.0,357600000000.0,373955000000.0,410640000000.0,451840000000.0,541699000000.0,607914000000.0,743942000000.0,852606000000.0,780344000000.0,681914000000.0,715754000000.0,707042000000.0,713282000000.0,765811000000.0,840250000000.0,932110000000.0,1114530000000.0,1124520000000.0,1232770000000.0,1466990000000.0,1715290000000.0,1856220000000.0,2016730000000.0,2212230000000.0,2233590000000.0,2002860000000.0,2214460000000.0,2161320000000.0,1927280000000.0,1960490000000.0,2264850000000.0,2751980000000.0,3234900000000.0,3826940000000.0,4465820000000.0,4176800000000.0,5212160000000.0,5941940000000.0,6007690000000.0,6156620000000.0,6273010000000.0,5197170000000.0,5056170000000.0,5634730000000.0,5506620000000.0,5413330000000.0,4561920000000.0,5313450000000.0,6049070000000.0,6779680000000.0,237,9.1901,196
Australia,AUS,GDP (current US$),NY.GDP.MKTP.CD,18607682977.0,19684003149.0,19923683188.0,21540963447.0,23801123808.0,25977284156.0,27308964369.0,30442724871.0,32714085234.0,36684485870.0,41334726614.0,45217767235.0,52042056075.0,63833440102.0,88965364775.0,97304383449.0,105061000000.0,110352000000.0,118493000000.0,134901000000.0,149988000000.0,176895000000.0,194042000000.0,177267000000.0,193525000000.0,180643000000.0,182481000000.0,189496000000.0,236161000000.0,299876000000.0,311427000000.0,325975000000.0,325525000000.0,312134000000.0,322807000000.0,368166000000.0,401342000000.0,435643000000.0,399674000000.0,389652000000.0,416168000000.0,379629000000.0,395789000000.0,467739000000.0,614660000000.0,695693000000.0,748418000000.0,855007000000.0,1056110000000.0,928762000000.0,1148840000000.0,1398610000000.0,1547530000000.0,1577120000000.0,1468270000000.0,1351300000000.0,1206840000000.0,1325580000000.0,1427810000000.0,1392720000000.0,1328410000000.0,1556740000000.0,1690860000000.0,1728060000000.0,14,8.7347,197
Sri Lanka,LKA,GDP (current US$),NY.GDP.MKTP.CD,1409873950.0,1444327731.0,1434156379.0,1240672269.0,1309747899.0,1698319328.0,1751470588.0,1859465021.0,1801344538.0,1965546218.0,2296470588.0,2369308600.0,2553936348.0,2875625000.0,3574586466.0,3791298146.0,3591319857.0,4104509583.0,2733183857.0,3364611432.0,4024621900.0,4415844156.0,4768765017.0,5167913302.0,6043474843.0,5978460972.0,6405210564.0,6682167120.0,6978371581.0,6987267684.0,8032551173.0,9000362582.0,9703011636.0,10338679636.0,11717604209.0,13029697561.0,13897738375.0,15091913884.0,15794972847.0,15656327860.0,16330814180.0,15749753805.0,16536535647.0,18881765437.0,20662525941.0,24405791045.0,28279802406.0,32350238760.0,40713826215.0,42066224093.0,58636161082.0,67753284044.0,70447216891.0,77000578167.0,82528535714.0,85140955389.0,88012282206.0,94376237797.0,94493871201.0,89014978344.0,84304298771.0,88609324902.0,74144870023.0,84356863744.0,139,8.7204,198
Finland,FIN,GDP (current US$),NY.GDP.MKTP.CD,5279481824.0,5984433774.0,6407796043.0,6958916548.0,7848987793.0,8680393839.0,9306142172.0,9468272357.0,8916565041.0,10177524839.0,11358529162.0,12528522307.0,14744499570.0,19474098335.0,24851036710.0,29475251333.0,31852352670.0,33502784418.0,36259392058.0,44469218440.0,53649984061.0,52440066134.0,52784013815.0,50956447481.0,52870993273.0,55856676899.0,73511611541.0,91564993913.0,109039000000.0,118991000000.0,141446000000.0,127794000000.0,112538000000.0,89112105756.0,103183000000.0,134060000000.0,131992000000.0,126863000000.0,133991000000.0,135234000000.0,125968000000.0,129520000000.0,140361000000.0,171613000000.0,197458000000.0,204859000000.0,217044000000.0,256360000000.0,285699000000.0,253481000000.0,249430000000.0,275127000000.0,257443000000.0,270268000000.0,273479000000.0,233211000000.0,238778000000.0,253846000000.0,273869000000.0,267015000000.0,270000000000.0,294223000000.0,280242000000.0,295532000000.0,76,8.5487,199
France,FRA,GDP (current US$),NY.GDP.MKTP.CD,61756878990.0,66806595975.0,74888595286.0,83957182115.0,93079224076.0,100523000000.0,108928000000.0,117751000000.0,128428000000.0,140362000000.0,146927000000.0,164239000000.0,201622000000.0,262344000000.0,283102000000.0,356781000000.0,368488000000.0,406736000000.0,501724000000.0,608219000000.0,694529000000.0,609185000000.0,578152000000.0,553356000000.0,525033000000.0,547221000000.0,764947000000.0,926321000000.0,1010830000000.0,1016740000000.0,1257650000000.0,1258960000000.0,1389660000000.0,1314380000000.0,1385820000000.0,1595220000000.0,1598890000000.0,1449390000000.0,1496910000000.0,1486920000000.0,1360960000000.0,1370380000000.0,1492430000000.0,1835100000000.0,2109790000000.0,2192150000000.0,2317860000000.0,2655820000000.0,2926800000000.0,2700080000000.0,2646230000000.0,2870410000000.0,2683010000000.0,2816080000000.0,2861240000000.0,2442480000000.0,2470410000000.0,2588870000000.0,2781580000000.0,2722790000000.0,2647930000000.0,2966430000000.0,2796300000000.0,3051830000000.0,78,7.7249,200
Curacao,CUW,GDP (current US$),NY.GDP.MKTP.CD,,,,,,,,,,,,,,,,,,,,,,,,,,,,,,,,,,,,,,,,,2120511229.0,2143450726.0,2160784693.0,2202117374.0,2237160503.0,2344637263.0,2457581732.0,2593831508.0,2833476145.0,2869153184.0,2951342793.0,2930092235.0,3012836257.0,3033568603.0,3059406983.0,3058779218.0,3024690168.0,3033433240.0,3046364804.0,3026124134.0,2534327598.0,2739608156.0,3075180835.0,3281419347.0,52,7.5532,201
Pre-demographic dividend,PRE,GDP (current US$),NY.GDP.MKTP.CD,24374805009.0,25267764846.0,27678330205.0,31997381686.0,30281925338.0,33365454534.0,36479623620.0,34709622277.0,37434292836.0,42105025589.0,47434756907.0,46915549919.0,55126951207.0,67932162400.0,93638562242.0,106655000000.0,124686000000.0,137615000000.0,156187000000.0,192801000000.0,237293000000.0,324555000000.0,307950000000.0,255576000000.0,238891000000.0,247745000000.0,214769000000.0,231043000000.0,241792000000.0,244401000000.0,396643000000.0,223392000000.0,174042000000.0,181954000000.0,189983000000.0,279724000000.0,338893000000.0,371716000000.0,393129000000.0,244880000000.0,282737000000.0,269008000000.0,309411000000.0,337088000000.0,419815000000.0,522881000000.0,657280000000.0,794690000000.0,990635000000.0,898098000000.0,1049040000000.0,1215350000000.0,1321870000000.0,1450620000000.0,1537560000000.0,1307390000000.0,1164560000000.0,1216070000000.0,1355250000000.0,1428930000000.0,1311360000000.0,1439360000000.0,1647530000000.0,1566940000000.0,192,7.4234,202
Algeria,DZA,GDP (current US$),NY.GDP.MKTP.CD,2723615451.0,2434747056.0,2001444544.0,2702982018.0,2909316435.0,3136284307.0,3039859187.0,3370870376.0,3852147027.0,4257253264.0,4863526897.0,5077183094.0,6766743957.0,8707858912.0,13209871626.0,15557902754.0,17728240932.0,20972113685.0,26364491313.0,33243706860.0,42345829079.0,44348590461.0,45207167470.0,48801369800.0,53698548293.0,57937868670.0,63692007897.0,66745818375.0,59089396860.0,55634721573.0,62048507531.0,45715676428.0,48003133347.0,49945584453.0,42543176829.0,41764291672.0,46941554225.0,48177612042.0,48187781984.0,48640671735.0,54790398570.0,59413400924.0,61516103406.0,73482264191.0,91913680985.0,107047000000.0,123084000000.0,142483000000.0,180384000000.0,150317000000.0,177785000000.0,218332000000.0,227144000000.0,229701000000.0,238943000000.0,187494000000.0,180764000000.0,189881000000.0,194554000000.0,193460000000.0,164873000000.0,186231000000.0,225638000000.0,247626000000.0,61,7.2387,203
Burundi,BDI,GDP (current US$),NY.GDP.MKTP.CD,195999989.8,202999991.8,213500005.8,232749997.8,260750007.7,158994962.8,165444571.3,178297142.7,183199999.8,190205714.1,242732571.2,252842285.5,246804571.4,304339522.6,345263492.1,420986666.7,448412753.6,547535555.6,610225555.6,782496666.7,919726666.7,969046666.7,1013222222.0,1082926304.0,987143931.2,1149979286.0,1201725497.0,1131466494.0,1082403219.0,1113924130.0,1132101253.0,1167398478.0,1083037671.0,938632612.0,925030590.2,1000428394.0,869033856.3,972896267.9,893770740.2,808077223.4,870486065.9,876794723.1,825394519.4,784654423.6,915257323.4,1117113080.0,1273375078.0,1356199387.0,1611835857.0,1781455140.0,2032135192.0,2235820809.0,2333341334.0,2451606632.0,2705783330.0,3104003546.0,2644487777.0,2723586963.0,2667182200.0,2576518880.0,2649680261.0,2775798697.0,3338722828.0,2642161669.0,17,7.2121,204
Qatar,QAT,GDP (current US$),NY.GDP.MKTP.CD,,,,,,,,,,,301791301.8,387703105.5,510262500.2,793885560.0,2401403227.0,2512773166.0,3284273987.0,3617564638.0,4052000413.0,5632962997.0,7829165262.0,8661263764.0,7596703214.0,6467582308.0,6704395824.0,6153296456.0,5053021951.0,5446428681.0,6038187033.0,6487912088.0,7360439423.0,6883516484.0,7646153984.0,7156593654.0,7374450769.0,8137911978.0,9059340385.0,11297802115.0,10255495027.0,12393131868.0,17759890110.0,17538461538.0,19363736264.0,23533791209.0,31734065934.0,44530494505.0,60882142857.0,79712087912.0,115270000000.0,97798351648.0,125122000000.0,167775000000.0,186834000000.0,198728000000.0,206225000000.0,161740000000.0,151732000000.0,161099000000.0,183335000000.0,176371000000.0,144411000000.0,179732000000.0,235709000000.0,213003000000.0,201,6.7018,205
Iraq,IRQ,GDP (current US$),NY.GDP.MKTP.CD,1537252193.0,1671960965.0,1784174541.0,1805901510.0,2136408198.0,2335785506.0,2530306096.0,2551522656.0,2896598841.0,3007758797.0,3281318687.0,3865346535.0,4113848002.0,5134367778.0,11516762614.0,13458516763.0,17754825601.0,19838130715.0,23762275652.0,37816457839.0,52569000000.0,37823000000.0,42382333333.0,40712903226.0,46938387097.0,48425161290.0,47264516129.0,56774193548.0,62684516129.0,65831935484.0,180408000000.0,407796349.7,553671957.7,1031944881.0,3991349283.0,12894029888.0,10433698621.0,20764857056.0,20617405044.0,36881601584.0,48364250944.0,36176430129.0,32928454672.0,21921569479.0,36633669269.0,50065104668.0,65147051918.0,88837057320.0,131614000000.0,111658000000.0,138517000000.0,185750000000.0,218002000000.0,234638000000.0,228416000000.0,166774000000.0,166744000000.0,187218000000.0,227367000000.0,233636000000.0,180899000000.0,209692000000.0,286640000000.0,250843000000.0,114,6.4602,206
Italy,ITA,GDP (current US$),NY.GDP.MKTP.CD,42012422612.0,46649487320.0,52413872628.0,60035924618.0,65720771779.0,70717012186.0,76622444787.0,84401995573.0,91485448148.0,100997000000.0,113657000000.0,124960000000.0,145595000000.0,175897000000.0,200024000000.0,228221000000.0,225235000000.0,258190000000.0,315784000000.0,394585000000.0,478357000000.0,431696000000.0,428257000000.0,444063000000.0,438897000000.0,453260000000.0,641862000000.0,807570000000.0,893664000000.0,930802000000.0,1183950000000.0,1249090000000.0,1323200000000.0,1067410000000.0,1101750000000.0,1177370000000.0,1314780000000.0,1244990000000.0,1272730000000.0,1255000000000.0,1149660000000.0,1172040000000.0,1281750000000.0,1582930000000.0,1812810000000.0,1864980000000.0,1958560000000.0,2222520000000.0,2417510000000.0,2209480000000.0,2144940000000.0,2306970000000.0,2097930000000.0,2153230000000.0,2173260000000.0,1845430000000.0,1887110000000.0,1970720000000.0,2099440000000.0,2019610000000.0,1907480000000.0,2179210000000.0,2103000000000.0,2300940000000.0,117,6.4196,207
IDA blend,IDB,GDP (current US$),NY.GDP.MKTP.CD,11879974958.0,12720578451.0,13604070958.0,14407334837.0,15724661347.0,17083744788.0,18608668972.0,18736111922.0,19781790886.0,22624348029.0,30963669013.0,28851063760.0,32360055753.0,34608035285.0,49733438009.0,57184749902.0,68819772739.0,72705949353.0,79102065756.0,96947388866.0,124222000000.0,237670000000.0,217364000000.0,165383000000.0,142129000000.0,142632000000.0,128898000000.0,132135000000.0,137925000000.0,134092000000.0,148220000000.0,159540000000.0,154200000000.0,164196000000.0,182667000000.0,256306000000.0,310420000000.0,325989000000.0,341268000000.0,184664000000.0,227751000000.0,227157000000.0,249561000000.0,281704000000.0,341634000000.0,404342000000.0,501412000000.0,581133000000.0,680728000000.0,635295000000.0,745687000000.0,851975000000.0,946686000000.0,1028640000000.0,1115650000000.0,1058990000000.0,987291000000.0,1012160000000.0,1066720000000.0,1092770000000.0,1024080000000.0,1114250000000.0,1208340000000.0,1068440000000.0,106,3.7251,208
Greece,GRC,GDP (current US$),NY.GDP.MKTP.CD,4274890307.0,4892397431.0,5140542929.0,5813285627.0,6576906345.0,7582209670.0,8472021467.0,9146592856.0,9950331206.0,11454106327.0,12957113636.0,14388806818.0,16650659091.0,22037019563.0,24998715909.0,28129128587.0,30719552239.0,35673080481.0,43654480519.0,53724121435.0,56039256595.0,51618456335.0,53858346939.0,48741397059.0,47352146312.0,47155741426.0,55595445472.0,64739630096.0,75200610137.0,78067933277.0,96529587274.0,103681000000.0,114608000000.0,107296000000.0,114980000000.0,134975000000.0,142503000000.0,138766000000.0,139613000000.0,137131000000.0,125760000000.0,132050000000.0,150254000000.0,196931000000.0,234980000000.0,242316000000.0,269073000000.0,314227000000.0,351121000000.0,326829000000.0,296418000000.0,283228000000.0,238841000000.0,236556000000.0,233912000000.0,194567000000.0,193097000000.0,200381000000.0,213299000000.0,207306000000.0,191363000000.0,218304000000.0,218881000000.0,243498000000.0,90,2.8509,209
Namibia,NAM,GDP (current US$),NY.GDP.MKTP.CD,,,,,,,,,,,,,,,,,,,,,2421990338.0,2249908578.0,2118710248.0,2297400688.0,1951260038.0,1608237350.0,1809048527.0,2300068217.0,2495094746.0,2535135798.0,2789921854.0,2996869281.0,3429521699.0,3251188833.0,3666503530.0,3978514206.0,3989163197.0,4154989950.0,3873109866.0,3868551730.0,3922232165.0,3557341215.0,3349169826.0,4926439384.0,6609205995.0,7248374838.0,8001779551.0,8839536476.0,8607431497.0,8938847189.0,11431412421.0,12523359441.0,13042053592.0,12043307277.0,12435430970.0,11335161084.0,10722018732.0,12895153371.0,13682019076.0,12541928303.0,10583748542.0,12402486184.0,12567271005.0,12351025067.0,172,2.4914,210
Chad,TCD,GDP (current US$),NY.GDP.MKTP.CD,313582728.1,333975336.1,357635713.4,371767002.2,392247517.7,416926303.3,432794921.7,449826322.6,453980096.2,471635621.6,469266736.7,501866730.1,585427546.8,647199483.0,652532795.1,864602104.7,866044962.0,935360464.7,1113920124.0,1004316496.0,1033002404.0,876937558.3,834369859.7,832415806.0,919103734.9,1033069709.0,1067828246.0,1163426852.0,1482597298.0,1433686312.0,1738605558.0,1877137982.0,1881847670.0,1463251164.0,1179837963.0,1445919895.0,1607345356.0,1544689577.0,1744794531.0,1534673583.0,1388506772.0,1710843377.0,1997005709.0,2742815072.0,4422855661.0,6649307524.0,7428701454.0,8650137743.0,10393833765.0,9290728319.0,10668103554.0,12172308851.0,12367362757.0,12953534866.0,13940767219.0,10950392257.0,10097778098.0,10000394381.0,11239167898.0,11314951092.0,10715396042.0,11779981333.0,12396807588.0,13149325362.0,230,1.489,211
Middle East & North Africa (excluding high income),MNA,GDP (current US$),NY.GDP.MKTP.CD,18009066977.0,18550938513.0,18760297827.0,20793216375.0,23192293020.0,25544256104.0,27043378657.0,29433260722.0,33407486621.0,37425306807.0,41754908495.0,47936770333.0,57282161679.0,76112085343.0,117983000000.0,134484000000.0,166627000000.0,192559000000.0,205063000000.0,257501000000.0,312945000000.0,300352000000.0,336377000000.0,373384000000.0,388806000000.0,420189000000.0,453361000000.0,391260000000.0,373027000000.0,373035000000.0,518825000000.0,332723000000.0,339259000000.0,290356000000.0,307434000000.0,340259000000.0,380849000000.0,400497000000.0,410727000000.0,449128000000.0,474549000000.0,480454000000.0,463163000000.0,507827000000.0,602300000000.0,705653000000.0,827626000000.0,1016110000000.0,1253840000000.0,1218910000000.0,1413490000000.0,1657670000000.0,1782880000000.0,1651620000000.0,1627890000000.0,1461560000000.0,1497800000000.0,1499230000000.0,1490670000000.0,1480180000000.0,1328870000000.0,1552750000000.0,1741920000000.0,1671170000000.0,162,1.1698,212
Middle East & North Africa (IDA & IBRD countries),TMN,GDP (current US$),NY.GDP.MKTP.CD,17842510180.0,18379370219.0,18586793275.0,20600910383.0,22977799174.0,25308010136.0,26793268060.0,29161047308.0,33098517592.0,37079178981.0,41368738362.0,47493427271.0,56752387797.0,75408162974.0,116891000000.0,133240000000.0,165086000000.0,190778000000.0,203167000000.0,255119000000.0,310051000000.0,297574000000.0,333266000000.0,369931000000.0,385210000000.0,416303000000.0,449168000000.0,387642000000.0,369577000000.0,369585000000.0,514027000000.0,329646000000.0,336122000000.0,287671000000.0,304590000000.0,336977000000.0,377440000000.0,396737000000.0,406659000000.0,444857000000.0,470236000000.0,476451000000.0,459607000000.0,503859000000.0,597697000000.0,700528000000.0,822278000000.0,1010290000000.0,1246530000000.0,1210830000000.0,1403810000000.0,1646480000000.0,1770670000000.0,1638100000000.0,1613900000000.0,1447590000000.0,1482400000000.0,1483100000000.0,1474390000000.0,1463040000000.0,1313340000000.0,1534640000000.0,1722760000000.0,1653770000000.0,239,0.9475,213
Eswatini,SWZ,GDP (current US$),NY.GDP.MKTP.CD,35076845.97,43026042.79,45927961.63,54129438.35,64980554.01,70279971.89,76859969.26,74759970.1,79799968.08,105419957.8,112139955.1,136462080.7,146736479.2,221915127.6,264320941.0,288299788.5,272550068.1,304060076.0,340630085.2,412093133.8,541976852.6,570774824.8,537568059.4,555336145.8,494483408.9,360079419.4,449140318.4,584126092.3,692026454.7,696921542.4,1114694041.0,1156135718.0,1284759928.0,1357189552.0,1419294254.0,1698989464.0,1602741834.0,1716714070.0,1576908856.0,1547888496.0,1738093840.0,1542477309.0,1432221739.0,2197598466.0,2770082792.0,3178112499.0,3291330019.0,3469381231.0,3294084314.0,3580428053.0,4438765086.0,4820478680.0,4886551484.0,4418333192.0,4250545461.0,3878174404.0,3705918654.0,4437538381.0,4659474400.0,4594818143.0,4105756863.0,4737671576.0,4695372785.0,4442875788.0,225,0.5524,214
Fragile and conflict affected situations,FCS,GDP (current US$),NY.GDP.MKTP.CD,34157915798.0,35668456087.0,39417208512.0,45049610945.0,40767511064.0,44789142771.0,47787351329.0,47130737857.0,52073362434.0,58442568788.0,69598976289.0,71676944409.0,82981206234.0,102638000000.0,154501000000.0,169459000000.0,201268000000.0,222208000000.0,243686000000.0,307155000000.0,388435000000.0,511406000000.0,488174000000.0,421549000000.0,379258000000.0,385609000000.0,355386000000.0,357267000000.0,387870000000.0,383756000000.0,547421000000.0,386386000000.0,344550000000.0,351153000000.0,353240000000.0,431762000000.0,466441000000.0,522327000000.0,536100000000.0,400171000000.0,468036000000.0,458017000000.0,446928000000.0,470618000000.0,596965000000.0,755161000000.0,945956000000.0,1159330000000.0,1481950000000.0,1342730000000.0,1593980000000.0,1664320000000.0,1862140000000.0,1934770000000.0,2052980000000.0,1616330000000.0,1489690000000.0,1588840000000.0,1734690000000.0,1842630000000.0,1675410000000.0,1786330000000.0,1964840000000.0,1937940000000.0,75,0.1636,215
Sweden,SWE,GDP (current US$),NY.GDP.MKTP.CD,15930258332.0,17329819494.0,18794282717.0,20342365392.0,22685750575.0,24964233891.0,27155028520.0,29475219787.0,31278230634.0,33967691454.0,38037663342.0,41506627519.0,48883734672.0,59319523962.0,65918391224.0,82766182746.0,89233541404.0,94332865494.0,104292000000.0,123209000000.0,141888000000.0,129500000000.0,114216000000.0,104863000000.0,109044000000.0,113959000000.0,150282000000.0,182746000000.0,206689000000.0,217635000000.0,261470000000.0,273835000000.0,283912000000.0,212647000000.0,228702000000.0,267053000000.0,291952000000.0,268252000000.0,270890000000.0,274320000000.0,262905000000.0,242499000000.0,267373000000.0,334074000000.0,384547000000.0,391690000000.0,422530000000.0,490050000000.0,514617000000.0,434314000000.0,492753000000.0,570541000000.0,549742000000.0,584128000000.0,577730000000.0,501698000000.0,514218000000.0,536084000000.0,551312000000.0,532169000000.0,545148000000.0,637187000000.0,579896000000.0,584960000000.0,224,0.1422,216
Tunisia,TUN,GDP (current US$),NY.GDP.MKTP.CD,,866155428.6,880027733.3,1026737600.0,1025866792.0,991047619.0,1040952381.0,1085714286.0,1214666667.0,1289904762.0,1439238095.0,1685162272.0,2237556149.0,2730813385.0,3545868575.0,4328965588.0,4508191942.0,5109324009.0,5968460080.0,7188863904.0,8744134354.0,8428445294.0,8133580052.0,8350582748.0,8254541195.0,8410226053.0,9017806654.0,9696715911.0,10096245762.0,10101851745.0,12290568182.0,13074782609.0,15496708060.0,14608335608.0,15633174304.0,18030876599.0,19587161807.0,20746210354.0,21802893587.0,22943202175.0,21473528161.0,22065832449.0,23141616605.0,27453902261.0,31183885241.0,32272186695.0,34376664601.0,38915353867.0,44859439902.0,43455740497.0,46206091938.0,48123325825.0,47311401813.0,48685446414.0,50271812921.0,45779494042.0,44360072680.0,42163530591.0,42686504460.0,41905642419.0,42491780918.0,46812290143.0,44579761023.0,48529595417.0,244,-0.3211,217
Zambia,ZMB,GDP (current US$),NY.GDP.MKTP.CD,698739720.8,682359727.3,679279728.6,704339718.5,822639671.3,1061199576.0,1238999505.0,1340639464.0,1573739371.0,1926399230.0,1788779285.0,1653259341.0,1872416680.0,2434255237.0,2910981262.0,2442672141.0,2742859263.0,2515296940.0,2811032473.0,3353445378.0,3884530854.0,4008126497.0,3871117093.0,3321048451.0,2719518933.0,2252454500.0,1664413508.0,2265250972.0,3728878149.0,3994673161.0,3288381797.0,3376806697.0,3182810841.0,3273507754.0,3656808233.0,3806982679.0,3597220962.0,4303288480.0,3537741942.0,3404284891.0,3600632111.0,4094441301.0,4193850445.0,4901869764.0,6221110219.0,8331870169.0,12756858899.0,14056957976.0,17910858638.0,15328342304.0,20265559484.0,23459515276.0,25503060420.0,28037239463.0,27141023558.0,21251216799.0,20958412538.0,25873601261.0,26311507274.0,23308667781.0,18137764931.0,22096416932.0,29163782140.0,27577956471.0,265,-1.6654,218
Azerbaijan,AZE,GDP (current US$),NY.GDP.MKTP.CD,,,,,,,,,,,,,,,,,,,,,,,,,,,,,,,8884848485.0,5344000000.0,444658671.6,1570392598.0,1193141110.0,2417331193.0,3176507376.0,3962362387.0,4446368571.0,4581248567.0,5272615723.0,5707616204.0,6236087738.0,7276413079.0,8680405741.0,13245421881.0,20981929498.0,33049419431.0,48851293785.0,44292427185.0,52909294792.0,65952796428.0,69679944504.0,74160560124.0,75239785452.0,53076235355.0,37866996883.0,40866627352.0,47112470052.0,48174235294.0,42693000000.0,54825411765.0,78807470588.0,72356176471.0,16,-2.4938,219
Africa Western and Central,AFW,GDP (current US$),NY.GDP.MKTP.CD,11904954210.0,12707877772.0,13630758805.0,14469094144.0,15803761887.0,16921087955.0,18034172573.0,16493747239.0,17022809177.0,19301432648.0,26697257158.0,24497091508.0,29489793286.0,36891093307.0,49687843306.0,57280830632.0,68386405203.0,71790392859.0,78779062953.0,96682270600.0,120501000000.0,216911000000.0,195918000000.0,151223000000.0,131218000000.0,137803000000.0,109237000000.0,112295000000.0,111227000000.0,103934000000.0,123711000000.0,129942000000.0,124599000000.0,129733000000.0,134777000000.0,207177000000.0,262601000000.0,275742000000.0,296152000000.0,139468000000.0,142140000000.0,150058000000.0,179390000000.0,207755000000.0,256908000000.0,313328000000.0,398140000000.0,466884000000.0,569322000000.0,509918000000.0,600153000000.0,683888000000.0,739938000000.0,836937000000.0,897416000000.0,771767000000.0,694361000000.0,687849000000.0,770495000000.0,826484000000.0,789802000000.0,849312000000.0,883974000000.0,799106000000.0,4,-4.7342,220
Trinidad and Tobago,TTO,GDP (current US$),NY.GDP.MKTP.CD,535673252.3,584964620.7,619322809.8,678239329.1,711897520.0,736573158.3,723739857.0,761981912.4,758899950.0,779200000.0,821850000.0,896765214.6,1083391758.0,1308785431.0,2042001071.0,2442669825.0,2500424955.0,3138666668.0,3562333460.0,4602416627.0,6235833336.0,6992083336.0,8140416670.0,7763750003.0,7757083335.0,7375918367.0,4794444444.0,4797777778.0,4496910569.0,4323058824.0,5068000000.0,5307905882.0,5439552941.0,4669491134.0,4947181646.0,5329217747.0,5759570336.0,5737771523.0,6043686654.0,6808982521.0,8154342116.0,8824849191.0,9008298229.0,11305459802.0,13280291990.0,15982389018.0,18369361094.0,21641620050.0,27871587350.0,19172165226.0,22157920592.0,25433007437.0,27334568806.0,28709859469.0,29697674914.0,27026750553.0,23722678430.0,24040211327.0,24569257295.0,23775659263.0,20807716174.0,24496397205.0,30053446092.0,27372285698.0,243,-4.8866,221
Belarus,BLR,GDP (current US$),NY.GDP.MKTP.CD,,,,,,,,,,,,,,,,,,,,,,,,,,,,,,,17389558233.0,18404907975.0,16939790094.0,16275073527.0,14931435232.0,13972683274.0,14756846154.0,14130585516.0,15221352699.0,12138243081.0,12736780455.0,12354820144.0,14594900945.0,17825444724.0,23141566293.0,30210091837.0,36961894281.0,45275711996.0,60752106347.0,50873167326.0,57231904543.0,61762382328.0,65685890439.0,75527558966.0,78812805039.0,56454889147.0,47723545321.0,54725302250.0,60031173808.0,64410122847.0,61371755326.0,69673747132.0,73775179925.0,71857382746.0,26,-5.1076,222
Colombia,COL,GDP (current US$),NY.GDP.MKTP.CD,4031152977.0,4540447761.0,4955538219.0,4836166667.0,5973366667.0,5760761905.0,5428518519.0,5825170438.0,5960212869.0,6450175214.0,7198360460.0,7820380971.0,8671358733.0,10315760000.0,12370029584.0,13098633902.0,15341403660.0,19470960619.0,23263511958.0,27940411250.0,33400735644.0,36388366869.0,38968039722.0,38729822782.0,38253120738.0,34894419443.0,34942489684.0,36373307085.0,39212550050.0,39540080200.0,47844090710.0,49637993949.0,58394443378.0,66474101301.0,81705497617.0,92495970511.0,97153389011.0,106656000000.0,98486358581.0,86278947637.0,99875074951.0,98200641203.0,97945812803.0,94644969157.0,117092000000.0,145601000000.0,161793000000.0,206230000000.0,242504000000.0,232469000000.0,286499000000.0,334966000000.0,370691000000.0,382094000000.0,381241000000.0,293492000000.0,282720000000.0,311867000000.0,334198000000.0,323032000000.0,270348000000.0,318525000000.0,345330000000.0,363494000000.0,46,-5.117,223
South Africa,ZAF,GDP (current US$),NY.GDP.MKTP.CD,8748596501.0,9225996310.0,9813996074.0,10854195658.0,11955995218.0,13068994772.0,14211394315.0,15821393671.0,17124793150.0,19256992297.0,21218391513.0,23411076638.0,24515919217.0,33262772008.0,41389186095.0,42906905672.0,41150460288.0,45328411332.0,51607412902.0,63038658089.0,89411864402.0,93141472164.0,85904057409.0,96204110942.0,84870163366.0,64459376087.0,73354771399.0,96535763418.0,103977000000.0,108056000000.0,126048000000.0,135204000000.0,146956000000.0,147195000000.0,153513000000.0,171736000000.0,163235000000.0,168978000000.0,152983000000.0,151517000000.0,151753000000.0,135430000000.0,129088000000.0,197019000000.0,255807000000.0,288867000000.0,303859000000.0,333077000000.0,316131000000.0,329754000000.0,417364000000.0,458199000000.0,434401000000.0,400886000000.0,381199000000.0,346710000000.0,323586000000.0,381449000000.0,405261000000.0,389330000000.0,337975000000.0,420887000000.0,406920000000.0,380699000000.0,264,-5.3026,224
Kuwait,KWT,GDP (current US$),NY.GDP.MKTP.CD,,,1828107503.0,1900895857.0,2071668533.0,2097199161.0,2391199044.0,2441599023.0,2662798935.0,2769198892.0,2873638851.0,3880392195.0,4450537925.0,5408804607.0,13006948296.0,12022811621.0,13132252802.0,14137406741.0,15503557496.0,24749063922.0,28638868356.0,25058020338.0,21577153356.0,20871081080.0,21700082753.0,21445970614.0,17903989745.0,22368704134.0,20690322153.0,24313855653.0,18427777778.0,11009993703.0,19858555215.0,23941391391.0,24848483838.0,27186980647.0,31492373309.0,30350190704.0,25943705784.0,30122365849.0,37718743480.0,34889559870.0,38135788414.0,47874582232.0,59439090601.0,80798630137.0,101557000000.0,114634000000.0,147380000000.0,105969000000.0,115416000000.0,154039000000.0,174048000000.0,174168000000.0,162650000000.0,114586000000.0,109407000000.0,120688000000.0,138646000000.0,140856000000.0,111045000000.0,148459000000.0,183940000000.0,163705000000.0,128,-6.3914,225
Ukraine,UKR,GDP (current US$),NY.GDP.MKTP.CD,,,,,,,,,,,,,,,,,,,,,,,,,,,,64087694038.0,74703517903.0,82709161099.0,81393558423.0,77350733982.0,73945908384.0,65648559903.0,52549553403.0,48213856469.0,44558831005.0,50151531592.0,41882523345.0,31580639554.0,32375083935.0,39309580983.0,43956163612.0,52010355753.0,67220154164.0,89238865119.0,111885000000.0,148734000000.0,188110000000.0,121552000000.0,141209000000.0,169334000000.0,182592000000.0,190499000000.0,133504000000.0,91030967789.0,93355869404.0,112091000000.0,130891000000.0,153883000000.0,156618000000.0,199766000000.0,161990000000.0,178757000000.0,249,-6.5687,226
Norway,NOR,GDP (current US$),NY.GDP.MKTP.CD,5197398721.0,5669689210.0,6107076929.0,6553269536.0,7206522122.0,8111945661.0,8753940267.0,9577383653.0,10227087165.0,11136187440.0,12814123115.0,14583114840.0,17358610850.0,22534253703.0,27145693810.0,32877805200.0,35942270686.0,41508030431.0,46522900254.0,53132244624.0,64439382896.0,63596654761.0,62647195538.0,61627240831.0,62057955033.0,65416879914.0,78693118044.0,94229907236.0,101900000000.0,102634000000.0,119792000000.0,121872000000.0,130838000000.0,120579000000.0,127131000000.0,152030000000.0,163520000000.0,161357000000.0,154230000000.0,162384000000.0,171457000000.0,174239000000.0,195915000000.0,229385000000.0,265269000000.0,309979000000.0,346915000000.0,402643000000.0,464918000000.0,387976000000.0,431052000000.0,501361000000.0,512777000000.0,526014000000.0,501736000000.0,388160000000.0,370957000000.0,401745000000.0,439789000000.0,408743000000.0,367633000000.0,503368000000.0,593727000000.0,485311000000.0,178,-8.387,227
Lesotho,LSO,GDP (current US$),NY.GDP.MKTP.CD,34579986.17,35699985.72,41859983.26,47039981.18,51939979.22,54879978.05,56699977.32,59261976.3,61445975.42,65967973.61,68739972.5,76480285.0,80913200.43,121188715.8,150851316.5,149558895.9,147660036.9,193315048.3,266570066.6,290134592.5,431542536.7,434188034.2,348741683.7,386699308.9,333163670.3,268629925.9,318858423.0,402768324.5,470395800.6,495409232.6,596410263.7,704325366.7,831029861.7,835582062.5,878250945.3,1001894000.0,946112492.8,998004258.7,928460893.1,912773681.1,887291687.9,825706961.2,775777238.6,1157825435.0,1511236656.0,1682343527.0,1800092564.0,1682131785.0,1766902709.0,1740894965.0,2234754242.0,2579409620.0,2477702216.0,2367112932.0,2441063054.0,2359686725.0,2114426452.0,2306741672.0,2556247292.0,2390702296.0,2053699870.0,2412130057.0,2354683089.0,2117962451.0,142,-11.7637,228
"Macao SAR, China",MAC,GDP (current US$),NY.GDP.MKTP.CD,,,,,,,,,,,,,,,,,,,,,,,1142497719.0,1133013235.0,1304361353.0,1362072160.0,1532105070.0,1957724829.0,2288761823.0,2705665492.0,3246481233.0,3765249711.0,4914365189.0,5665606115.0,6311207780.0,7046147737.0,7176892950.0,7267570893.0,6797792190.0,6547670439.0,6774193548.0,6860272608.0,7371692774.0,8246479566.0,10643253553.0,12160056122.0,14874098692.0,18439981612.0,21027018333.0,21587786906.0,28241798492.0,36845888757.0,43189721377.0,51536595089.0,54902831794.0,45048190598.0,45070808689.0,50383871121.0,55190661340.0,55082293844.0,25343525936.0,30969334705.0,24999113476.0,45803067940.0,147,-12.5178,229
Russian Federation,RUS,GDP (current US$),NY.GDP.MKTP.CD,,,,,,,,,,,,,,,,,,,,,,,,,,,,,554829000000.0,506631000000.0,517014000000.0,517963000000.0,460291000000.0,435084000000.0,395077000000.0,395537000000.0,391725000000.0,404929000000.0,270955000000.0,195907000000.0,259710000000.0,306602000000.0,345470000000.0,430347000000.0,591017000000.0,764016000000.0,989932000000.0,1299700000000.0,1660850000000.0,1222650000000.0,1524920000000.0,2045920000000.0,2208290000000.0,2292470000000.0,2059240000000.0,1363480000000.0,1276790000000.0,1574200000000.0,1657330000000.0,1693120000000.0,1493080000000.0,1843390000000.0,2266030000000.0,2021420000000.0,203,-13.4089,230
Brazil,BRA,GDP (current US$),NY.GDP.MKTP.CD,17030465539.0,17275940449.0,19231747852.0,23287712878.0,20963733695.0,22465522884.0,28283323733.0,31086389195.0,33930457425.0,37171640819.0,42327664794.0,48869830902.0,58434858375.0,83592275863.0,109795000000.0,129204000000.0,153169000000.0,176344000000.0,200279000000.0,221338000000.0,237393000000.0,258015000000.0,271314000000.0,189657000000.0,188340000000.0,210880000000.0,256481000000.0,283057000000.0,307882000000.0,412991000000.0,464989000000.0,342534000000.0,328192000000.0,368292000000.0,525369000000.0,769333000000.0,850426000000.0,883206000000.0,863711000000.0,599642000000.0,655448000000.0,559984000000.0,509795000000.0,558234000000.0,669289000000.0,891634000000.0,1107630000000.0,1397110000000.0,1695860000000.0,1667000000000.0,2208840000000.0,2616160000000.0,2465230000000.0,2472820000000.0,2456040000000.0,1802210000000.0,1795690000000.0,2063510000000.0,1916930000000.0,1873290000000.0,1476110000000.0,1670650000000.0,1951920000000.0,2173670000000.0,30,-13.7624,231
Afghanistan,AFG,GDP (current US$),NY.GDP.MKTP.CD,,,,,,,,,,,,,,,,,,,,,,,,,,,,,,,,,,,,,,,,,3521418060.0,2813571754.0,3825701439.0,4520946819.0,5224896719.0,6203256539.0,6971758282.0,9747886187.0,10109297048.0,12416152732.0,15856668556.0,17805098206.0,19907329778.0,20146416758.0,20497128556.0,19134221645.0,18116572395.0,18753456498.0,18053222687.0,18799444490.0,19955929052.0,14259995441.0,14497243872.0,17233051620.0,3,-16.9057,232
"Congo, Rep.",COG,GDP (current US$),NY.GDP.MKTP.CD,131731862.8,151675738.9,166521239.7,172233430.7,185693724.9,198318064.0,220613582.0,237397428.1,251247457.8,265040036.4,274960699.9,322128019.0,410669263.7,541973362.6,585364634.5,767102680.2,754549601.4,765224029.3,878771772.2,1198749667.0,1705796853.0,1993512323.0,2160640565.0,2097274290.0,2193581365.0,2160872540.0,1849268212.0,2297753652.0,2212536312.0,2389593026.0,2798746050.0,2724853506.0,2933222703.0,2684323623.0,1769365438.0,2116003868.0,2540697539.0,2322719103.0,1949481379.0,2354772960.0,3227927698.0,2796704604.0,3034250924.0,3503723088.0,4656974940.0,6650001680.0,8072305029.0,8782703437.0,11649857673.0,9723299915.0,13148396212.0,15655383577.0,17692911296.0,17958720699.0,17919321078.0,12434793867.0,10931328151.0,11834473039.0,14773900289.0,13976637780.0,11468687464.0,14825690211.0,15817030155.0,15321055823.0,45,-17.2159,233
Brunei Darussalam,BRN,GDP (current US$),NY.GDP.MKTP.CD,,,,,,114039500.6,132757528.0,139029537.2,160818235.9,161210236.4,179078929.3,197525767.8,270822782.0,433095526.7,2319576214.0,2496420258.0,3054765590.0,3681242528.0,4100423674.0,6044367628.0,10795432294.0,9367218664.0,8932198186.0,7927590750.0,7632788075.0,6967623884.0,4190280003.0,4918010080.0,4535130305.0,4983622881.0,6039881087.0,6284497300.0,6327966445.0,6203339925.0,6467782521.0,7700144057.0,7663377277.0,7793034390.0,5550846025.0,6309070375.0,6570999060.0,6096155748.0,6333082879.0,7167725265.0,8619178799.0,10547202612.0,12644616446.0,13432029496.0,15926456492.0,11912904529.0,13707121031.0,18524791071.0,19048443340.0,18094148099.0,17097797372.0,12930296852.0,11400266055.0,12128168047.0,13566908401.0,13469235348.0,12005799664.0,14006496614.0,16681536443.0,15128292981.0,32,-19.6047,234
Sierra Leone,SLE,GDP (current US$),NY.GDP.MKTP.CD,322009961.5,327834190.6,342721416.5,348547278.8,371847461.4,359379856.2,375479849.8,348795303.0,329859731.9,408690163.5,434410973.8,419549304.7,465381339.7,575230724.4,648590642.9,679336343.6,594895941.9,691777584.0,960728338.9,1109374911.0,1100685845.0,1114830472.0,1295361886.0,995104305.3,1087471862.0,856890459.4,490181456.6,660106336.1,1055083933.0,932974420.3,649644826.8,779981458.9,679941041.3,768868448.0,911854256.2,870740484.1,941708911.1,850233193.2,672368187.1,669386624.0,635866403.8,1681473752.0,1933864034.0,2142618350.0,2237350963.0,2545275313.0,2912986118.0,3326853436.0,3835603779.0,3784165906.0,4033122830.0,4587078913.0,5927684219.0,7697098118.0,7845456215.0,6651626734.0,6042615860.0,5818480352.0,6390514689.0,6523577590.0,6688594758.0,7165214368.0,7119137322.0,6411869546.0,211,-20.0445,235
"Iran, Islamic Rep.",IRN,GDP (current US$),NY.GDP.MKTP.CD,4199134390.0,4426949095.0,4693566416.0,4928628018.0,5379845648.0,6197319929.0,6789938672.0,7555383690.0,8623172960.0,9743089607.0,10976245154.0,13731802833.0,17153463263.0,27081698250.0,46209092072.0,51776222350.0,68055295081.0,80600122702.0,77994316621.0,90391877326.0,94362275580.0,100499000000.0,125949000000.0,156365000000.0,162277000000.0,180184000000.0,209095000000.0,134010000000.0,123058000000.0,120496000000.0,124813000000.0,131638000000.0,119769000000.0,63743623231.0,71841461172.0,96419225745.0,120404000000.0,113919000000.0,110277000000.0,113848000000.0,109592000000.0,126879000000.0,128627000000.0,151911000000.0,187755000000.0,224970000000.0,265602000000.0,349737000000.0,406071000000.0,414059000000.0,487070000000.0,629082000000.0,644019000000.0,500400000000.0,462285000000.0,409192000000.0,459043000000.0,489169000000.0,398880000000.0,333519000000.0,262186000000.0,383436000000.0,394363000000.0,404626000000.0,113,-23.6698,236
Japan,JPN,GDP (current US$),NY.GDP.MKTP.CD,47419238274.0,57266758180.0,64987857542.0,74379284603.0,87490590818.0,97338107606.0,113047000000.0,132476000000.0,156897000000.0,184299000000.0,217224000000.0,245364000000.0,324934000000.0,441461000000.0,490036000000.0,532861000000.0,598884000000.0,737069000000.0,1035610000000.0,1077910000000.0,1129380000000.0,1245220000000.0,1158730000000.0,1270860000000.0,1345820000000.0,1427020000000.0,2120080000000.0,2580750000000.0,3125720000000.0,3109460000000.0,3185900000000.0,3648070000000.0,3980700000000.0,4536940000000.0,4998800000000.0,5545560000000.0,4923390000000.0,4492450000000.0,4098360000000.0,4635980000000.0,4968360000000.0,4374710000000.0,4182850000000.0,4519560000000.0,4893120000000.0,4831470000000.0,4601660000000.0,4579750000000.0,5106680000000.0,5289490000000.0,5759070000000.0,6233150000000.0,6272360000000.0,5212330000000.0,4896990000000.0,4444930000000.0,5003680000000.0,4930840000000.0,5040880000000.0,5117990000000.0,5055590000000.0,5034620000000.0,4256410000000.0,4204490000000.0,120,-23.9706,237
Nigeria,NGA,GDP (current US$),NY.GDP.MKTP.CD,4196174502.0,4467287893.0,4909399176.0,5165590254.0,5552931319.0,5874537650.0,6366917453.0,5203237919.0,5200997920.0,6634317346.0,12546094982.0,9181769912.0,12274416018.0,15162871287.0,24846641318.0,27778934625.0,36308883249.0,36035407725.0,36527862209.0,47259911894.0,64201788123.0,164475000000.0,142769000000.0,97094911792.0,73484359521.0,73745821158.0,54805852581.0,52676041931.0,49648470440.0,44003061108.0,54035795388.0,59526833412.0,52058181854.0,56721051402.0,80399613064.0,140920000000.0,185730000000.0,200850000000.0,218416000000.0,59145077039.0,69171451627.0,73557840064.0,95054059303.0,104739000000.0,135765000000.0,175671000000.0,238455000000.0,278261000000.0,339476000000.0,295009000000.0,366990000000.0,414467000000.0,463971000000.0,520117000000.0,574184000000.0,493027000000.0,404649000000.0,375746000000.0,421739000000.0,474517000000.0,432199000000.0,440834000000.0,477403000000.0,363846000000.0,175,-42.9498,238
Suriname,SUR,GDP (current US$),NY.GDP.MKTP.CD,99650000.0,107700000.0,116150000.0,125950000.0,134400000.0,154150000.0,190350000.0,220700000.0,241350000.0,259650000.0,274900000.0,301000000.0,311950000.0,339450000.0,409850000.0,465500000.0,505500000.0,641500000.0,735500000.0,782500000.0,795000000.0,889000000.0,915000000.0,883500000.0,864000000.0,873000000.0,891000000.0,980000000.0,1161000000.0,542600000.0,388400000.0,448100000.0,404600000.0,428764705.9,605492537.3,691590497.7,861372806.2,926422500.0,1110850000.0,886290697.7,947671969.7,834279357.8,1093574468.0,1274190311.0,1484092538.0,1793410397.0,2626380435.0,2936612022.0,3532969035.0,3875409836.0,4368370998.0,4422276622.0,4980000000.0,5145757576.0,5240606061.0,5126237646.0,3317421648.0,3591679431.0,3996198867.0,4016040575.0,2911807496.0,3107923198.0,3791603200.0,3455146281.0,221,-48.9302,239
Angola,AGO,GDP (current US$),NY.GDP.MKTP.CD,,,,,,,,,,,,,,,,,,,,,5930503401.0,5550483036.0,5550483036.0,5784341596.0,6131475065.0,7554065410.0,7072536109.0,8084412414.0,8769836769.0,10201780977.0,11229515599.0,10603784541.0,8307810974.0,5768720422.0,4438321017.0,5538749260.0,7526446606.0,7648377413.0,6506229607.0,6152923310.0,9129594970.0,8936079118.0,15285592370.0,17812704586.0,23552057679.0,36970900884.0,52381025141.0,65266415494.0,88538665085.0,70307196182.0,83799474070.0,111790000000.0,128053000000.0,132339000000.0,135967000000.0,90496420507.0,52761617226.0,73690154991.0,79450688259.0,70897962732.0,48501561204.0,66505129988.0,104400000000.0,84824654482.0,5,-56.0148,240
Libya,LBY,GDP (current US$),NY.GDP.MKTP.CD,401644248.9,443905612.0,619725784.9,892327910.7,1341395421.0,1804979680.0,2312438536.0,2726986913.0,3850623095.0,4380987481.0,4601649451.0,5260185125.0,6299395544.0,8625889430.0,15112543717.0,14710912458.0,19096943017.0,22428297108.0,22136422643.0,30536429497.0,40953924949.0,36374353880.0,33760146991.0,33200520140.0,29476109153.0,31530566324.0,24180400959.0,26697659335.0,24308959591.0,25156707899.0,28904183602.0,31991821265.0,33887047909.0,30660051911.0,28610549763.0,25541379187.0,27884615385.0,30700897875.0,27251301398.0,35975860857.0,38270954138.0,34112093927.0,20481889764.0,26265625000.0,33122307692.0,47334691241.0,60094231607.0,68032978391.0,86710767415.0,60808562033.0,75380825062.0,48169263294.0,92540938129.0,75351107029.0,57372355592.0,48717501321.0,49912073701.0,67157452182.0,76686029772.0,69254496472.0,46854285441.0,35217995647.0,43246297922.0,45096462972.0,133,-67.0887,241
Equatorial Guinea,GNQ,GDP (current US$),NY.GDP.MKTP.CD,,,37253333.33,44266666.67,51915000.0,64748333.33,69110000.0,72317446.93,67514285.71,67225714.29,66331428.57,64946954.76,65429198.24,81203226.91,94159862.71,104295643.4,103653049.9,103987520.1,,,50642880.77,36731422.85,44294647.73,44442456.95,50320914.41,62118569.97,76407395.87,93345859.53,100534656.9,88265974.86,112119411.5,110906028.5,134707183.8,136047906.2,100807002.5,141853360.9,232463022.8,442337870.7,370687634.4,621117885.7,1045998496.0,1461139022.0,1806742742.0,2484745935.0,4410764339.0,8217369093.0,10086528699.0,13071718759.0,19749893536.0,15027795173.0,16314443436.0,21357343669.0,22388344144.0,21948834284.0,21765453082.0,13185496881.0,11240808848.0,12200913879.0,13097012134.0,11364133550.0,9893816008.0,12215878033.0,13687643436.0,12337550584.0,89,-77.9027,242
American Samoa,ASM,GDP (current US$),NY.GDP.MKTP.CD,,,,,,,,,,,,,,,,,,,,,,,,,,,,,,,,,,,,,,,,,,,512000000.0,524000000.0,509000000.0,500000000.0,493000000.0,518000000.0,560000000.0,675000000.0,573000000.0,570000000.0,640000000.0,638000000.0,643000000.0,673000000.0,671000000.0,612000000.0,639000000.0,647000000.0,721000000.0,750000000.0,871000000.0,,12,,243
Bhutan,BTN,GDP (current US$),NY.GDP.MKTP.CD,,,,,,,,,,,61812113.07,66289450.33,70139866.81,78900289.32,92901784.5,86820762.49,88461262.78,97884433.8,94086227.61,105377995.2,128669200.9,139174178.1,141439317.4,156704289.9,160423493.9,163288815.4,191218115.5,242742766.3,272298066.6,264798626.2,287765007.1,240294286.0,240233531.2,225973692.8,258954708.0,290490983.8,303408345.6,352229076.7,363458380.9,399311199.5,460733418.4,496110225.7,559345263.7,651935430.3,735348490.4,860391000.2,942879878.5,1255767964.0,1317517835.0,1331343798.0,1708880731.0,1977728659.0,1973387228.0,1943696952.0,2089079571.0,2187815804.0,2357504761.0,2591358010.0,2583335721.0,2735683570.0,2457604334.0,2768802960.0,2898227743.0,,33,,244
Cuba,CUB,GDP (current US$),NY.GDP.MKTP.CD,,,,,,,,,,,5693005200.0,6914658400.0,8135150892.0,9987709650.0,11405957317.0,13027415244.0,13789579903.0,14206158675.0,17844705325.0,19584443288.0,19912889861.0,20150254096.0,20953510235.0,22204940512.0,24039383608.0,22920490774.0,24226574634.0,25213935012.0,27458999472.0,27023468666.0,28645436569.0,24316556026.0,22085858243.0,22367254865.0,28448326757.0,30429803651.0,25017368700.0,25365908100.0,25736331200.0,28364615200.0,30565400000.0,31682400000.0,33590500000.0,35901200000.0,38203000000.0,42643836100.0,48835925926.0,54262870370.0,56302129630.0,57481481481.0,59562962963.0,68990000000.0,73141000000.0,77148000000.0,80656100000.0,87132800000.0,91370407864.0,96850649692.0,100050000000.0,103428000000.0,107352000000.0,,,,51,,245
Eritrea,ERI,GDP (current US$),NY.GDP.MKTP.CD,,,,,,,,,,,,,,,,,,,,,,,,,,,,,,,,,477101651.6,467872714.8,531688311.7,578015625.0,693535954.2,686490090.1,745523116.9,688918537.1,706370815.6,752371688.7,729321680.2,870248267.6,1109054005.0,1098424686.0,1211161880.0,1317974491.0,1380188800.0,1856695551.0,1589515447.0,2065001626.0,,,,,,,,,,,,,70,,246
Gibraltar,GIB,GDP (current US$),NY.GDP.MKTP.CD,,,,,,,,,,,,,,,,,,,,,,,,,,,,,,,,,,,,,,,,,,,,,,,,,,,,,,,,,,,,,,,,,85,,247
Greenland,GRL,GDP (current US$),NY.GDP.MKTP.CD,,,,,,,,,,,69520026.67,88466738.25,106101297.8,140153748.2,169918948.6,211190630.3,240779417.8,282269749.2,355987433.4,420645821.5,476051740.8,435748993.4,402403041.0,416184071.0,379371901.5,412876382.8,603016292.7,787390409.0,898607670.6,929799902.2,1018977280.0,1016500069.0,1037916163.0,927214151.8,1005887539.0,1208953287.0,1197515569.0,1072154434.0,1149858070.0,1131555107.0,1068025016.0,1086170704.0,1169136716.0,1558759823.0,1822499769.0,1849802648.0,2013106930.0,2249811296.0,2499092314.0,2529963903.0,2503167187.0,2684461375.0,2609678486.0,2684946990.0,2842065708.0,2499113023.0,2707139544.0,2851613679.0,3055782146.0,2997309972.0,3082884653.0,3235809504.0,,,92,,248
Guam,GUM,GDP (current US$),NY.GDP.MKTP.CD,,,,,,,,,,,,,,,,,,,,,,,,,,,,,,,,,,,,,,,,,,,3394000000.0,3569000000.0,3869000000.0,4213000000.0,4238000000.0,4397000000.0,4658000000.0,4828000000.0,4949000000.0,4984000000.0,5265000000.0,5399000000.0,5610000000.0,5799000000.0,5901000000.0,6013000000.0,6051000000.0,6355000000.0,5916000000.0,6234000000.0,6910000000.0,,94,,249
Isle of Man,IMN,GDP (current US$),NY.GDP.MKTP.CD,,,,,,,,,,,,,,,,,,,,,,,,,251195796.8,256330852.2,356287012.6,459975486.2,584702952.7,617619437.2,761514559.7,821507936.5,854849069.8,765647870.4,833255280.1,922269212.6,1007205928.0,1178261297.0,1385124213.0,1573742113.0,1601050083.0,1668684324.0,1891002698.0,2252620408.0,2802206152.0,3032411027.0,3422733202.0,4466350656.0,5928791505.0,5486921247.0,5920369790.0,6565667053.0,6690228372.0,7001175623.0,7708454412.0,7084800892.0,6846377563.0,6979788334.0,7491649456.0,7314967866.0,6684225641.0,7931193222.0,,,109,,250
Not classified,INX,GDP (current US$),NY.GDP.MKTP.CD,,,,,,,,,,,,,,,,,,,,,,,,,,,,,,,,,,,,,,,,,,,,,,,,,,,,,,,,,,,,,,,,,111,,251
Lebanon,LBN,GDP (current US$),NY.GDP.MKTP.CD,,,,,,,,,,,,,,,,,,,,,,,,,,,,,3313540068.0,2717998688.0,2838485354.0,4690415093.0,5843579161.0,7941744492.0,9599127050.0,11718795529.0,13690217334.0,15751867489.0,17247179006.0,17391056369.0,17260364842.0,17649751244.0,19152238806.0,20082918740.0,21159827992.0,21497336499.0,22022709851.0,24827355015.0,29118916105.0,35399582929.0,38443907042.0,39927125962.0,44016799516.0,46880103081.0,48095213747.0,49929337837.0,51147308774.0,53027680686.0,54901519156.0,51605959131.0,31712128254.0,23131941557.0,20992421949.0,,131,,252
Liechtenstein,LIE,GDP (current US$),NY.GDP.MKTP.CD,,,,,,,,,,,90099360.84,104889795.3,124940289.3,165928881.6,193980464.9,246389101.9,272489300.5,303493119.5,436912067.8,503173104.4,534699362.9,511647750.1,522096760.3,524023624.9,502620991.9,529073612.5,779357802.5,1052848996.0,1161757671.0,1119983801.0,1421509216.0,1484160302.0,1631177029.0,1673085245.0,1948129623.0,2428525061.0,2504012993.0,2298389803.0,2479699106.0,2664105901.0,2483889858.0,2491800559.0,2688618747.0,3070803051.0,3454373798.0,3659319117.0,4000102086.0,4601429897.0,5081479840.0,4504375348.0,5082337238.0,5739706005.0,5456102482.0,6391708311.0,6657526980.0,6268515276.0,6237302034.0,6474308718.0,6692620692.0,6436467007.0,6405870210.0,7710380086.0,7361504432.0,,138,,253
St. Martin (French part),MAF,GDP (current US$),NY.GDP.MKTP.CD,,,,,,,,,,,,,,,,,,,,,,,,,,,,,,,,,,,,,,,,,,,,,,,,,,,,775875748.5,,,772921958.5,,,,,652206037.1,,649206262.8,,,148,,254
Northern Mariana Islands,MNP,GDP (current US$),NY.GDP.MKTP.CD,,,,,,,,,,,,,,,,,,,,,,,,,,,,,,,,,,,,,,,,,,,1284000000.0,1239000000.0,1210000000.0,1061000000.0,990000000.0,938000000.0,939000000.0,795000000.0,799000000.0,729000000.0,746000000.0,772000000.0,832000000.0,910000000.0,1230000000.0,1560000000.0,1301000000.0,1179000000.0,866000000.0,914000000.0,1096000000.0,,165,,255
"Venezuela, RB",VEN,GDP (current US$),NY.GDP.MKTP.CD,7663938303.0,8067267031.0,8814309884.0,9608717288.0,8192413793.0,8427777778.0,8781333333.0,9250000000.0,10034444444.0,10285111111.0,11561111111.0,12986590909.0,13977727273.0,17035581395.0,26100930233.0,27464651163.0,31419534884.0,36210697674.0,39316279070.0,48310930233.0,59116511628.0,66327441860.0,67736744186.0,67556279070.0,59867743468.0,61965466667.0,60516123711.0,48029034483.0,60226413793.0,43536709104.0,48606952195.0,53453444787.0,60416519620.0,60037460783.0,58418666667.0,77389487770.0,70543211119.0,85837678560.0,91336763255.0,97972842462.0,117146000000.0,122911000000.0,92893587734.0,83620628582.0,112451000000.0,145513000000.0,183478000000.0,230364000000.0,315953000000.0,329788000000.0,393192000000.0,316482000000.0,381286000000.0,371005000000.0,482359000000.0,,,,,,,,,,255,,256
British Virgin Islands,VGB,GDP (current US$),NY.GDP.MKTP.CD,,,,,,,,,,,,,,,,,,,,,,,,,,,,,,,,,,,,,,,,,,,,,,,,,,,,,,,,,,,,,,,,,256,,257
Virgin Islands (U.S.),VIR,GDP (current US$),NY.GDP.MKTP.CD,,,,,,,,,,,,,,,,,,,,,,,,,,,,,,,,,,,,,,,,,,,3262000000.0,3443000000.0,3797000000.0,4428000000.0,4484000000.0,4784000000.0,4244000000.0,4201000000.0,4324000000.0,4223000000.0,4089000000.0,3738000000.0,3565000000.0,3663000000.0,3798000000.0,3794000000.0,3923000000.0,4121000000.0,4229000000.0,4507000000.0,4672000000.0,,257,,258
New Caledonia,NCL,GDP (current US$),NY.GDP.MKTP.CD,,,,,,159594492.5,164206536.4,180036767.6,215507162.6,263108841.3,358815684.1,413985778.6,506808996.7,542293399.9,637403478.5,816652164.4,798313521.7,837620126.6,846004687.8,1047225724.0,1182463951.0,972564154.8,904599869.7,823857893.2,796066194.7,854820893.6,1201321514.0,1488093102.0,2072775508.0,2185082939.0,2529440424.0,2653780672.0,2923883281.0,2822243781.0,3038728385.0,3628440505.0,3606968436.0,3291131281.0,3556304833.0,3647802050.0,3420032041.0,3297734891.0,3740056748.0,4915353827.0,5895008978.0,6238629487.0,6979155388.0,8819917180.0,9067619760.0,8704438102.0,9364350077.0,10351448005.0,9659151917.0,10151382933.0,10635035595.0,8738203074.0,8724568955.0,9174048682.0,9896402284.0,9475655325.0,9454629468.0,10071349664.0,9623318718.0,,173,,259
"Korea, Dem. People's Rep.",PRK,GDP (current US$),NY.GDP.MKTP.CD,,,,,,,,,,,,,,,,,,,,,,,,,,,,,,,,,,,,,,,,,,,,,,,,,,,,,,,,,,,,,,,,,194,,260
French Polynesia,PYF,GDP (current US$),NY.GDP.MKTP.CD,,,,,,176534588.4,215659453.6,220984367.6,259590074.5,242943783.1,254036000.8,296865513.7,326433558.1,431252938.1,555340842.9,690323388.5,732288906.3,793196378.7,1005569835.0,1215032464.0,1320416025.0,1234743073.0,1235897958.0,1284180701.0,1325515445.0,1448281228.0,2212028300.0,2677977163.0,2723496362.0,2731683484.0,3320159522.0,3410078968.0,3713785765.0,3544608548.0,3676123788.0,4186994249.0,4166072830.0,3762859093.0,3903186593.0,3911602004.0,3599845480.0,3573808556.0,3965405553.0,4927780607.0,5564109982.0,5705052135.0,5877997980.0,6631156406.0,7136741422.0,6584557974.0,6086644799.0,6203940037.0,5692858099.0,6031827123.0,6151996561.0,5325846362.0,5497036477.0,5833352693.0,6135116253.0,6022276196.0,5792545871.0,6150640646.0,5814661209.0,,200,,261
San Marino,SMR,GDP (current US$),NY.GDP.MKTP.CD,,,,,,,,,,,,,,,,,,,,,,,,,,,,,,,,,,,,,,976606693.6,1048316128.0,1109473368.0,1007661367.0,1059529812.0,1148872072.0,1462590267.0,1715340543.0,1786514058.0,1909765165.0,2188654628.0,2403213305.0,2064277126.0,1881191925.0,1813717439.0,1604701299.0,1678741475.0,1673911426.0,1419401071.0,1468343140.0,1528620346.0,1655353653.0,1616232125.0,1544714493.0,1855396000.0,1831700577.0,,213,,262
South Sudan,SSD,GDP (current US$),NY.GDP.MKTP.CD,,,,,,,,,,,,,,,,,,,,,,,,,,,,,,,,,,,,,,,,,,,,,,,,,14586253383.0,12231264525.0,14602072411.0,14907308933.0,11931472169.0,18426469017.0,13962212847.0,11997800760.0,,,,,,,,,217,,263
"Yemen, Rep.",YEM,GDP (current US$),NY.GDP.MKTP.CD,,,,,,,,,,,,,,,,,,,,,,,,,,,,,,,12643821569.0,14665445462.0,17959367194.0,21736802664.0,28019483764.0,12796345679.0,6496163616.0,6838298531.0,6322175566.0,7639325296.0,9679316770.0,9852990693.0,10693430511.0,11777532662.0,13867634371.0,16731566717.0,19063143370.0,21650528674.0,26910855807.0,25130278213.0,30906749533.0,32726417878.0,35401331610.0,40415233436.0,43228585321.0,42444489522.0,31317824943.0,26842228829.0,21606160784.0,,,,,,263,,264
Syrian Arab Republic,SYR,GDP (current US$),NY.GDP.MKTP.CD,857704413.4,945244972.1,1110565881.0,1200447408.0,1339494267.0,1472036540.0,1342287553.0,1580229799.0,1753746430.0,2245011515.0,2140384010.0,2589851325.0,3059681698.0,3239487516.0,5159557148.0,6826980444.0,7633528867.0,7696011396.0,9275200458.0,9929681529.0,13062420382.0,15518201335.0,16298929011.0,17589277143.0,17503078174.0,16403539893.0,13293205278.0,11356215543.0,10577041645.0,9853395762.0,12308624418.0,12981833333.0,13253565861.0,13695962055.0,10122020000.0,11396706587.0,13789560878.0,14505233463.0,15200846154.0,15873875969.0,18937052543.0,20237024725.0,20669357462.0,21828144686.0,25086950495.0,28858965517.0,33751788856.0,40465318382.0,52557913569.0,54111735629.0,61390830875.0,67539428159.0,43190318033.0,21361254635.0,21502061466.0,16466863117.0,12597854877.0,16369843352.0,21497782868.0,22583045060.0,12047752036.0,14353205678.0,23622827080.0,,228,,265
Tonga,TON,GDP (current US$),NY.GDP.MKTP.CD,,,,,,,,,,,,,,,,32506741.72,30036416.96,34139387.89,41567471.67,44667002.01,53260077.43,62242013.33,62068161.07,60863963.96,64248354.54,60058663.31,68195855.61,81667133.45,106657267.4,106344855.0,113563821.6,132201141.4,137066290.6,138489884.4,195990967.0,208871687.6,222100545.6,214991477.8,191504899.6,199208705.4,204848470.1,181117222.0,182764260.1,202246611.8,230677994.6,261823827.4,292232681.6,298519618.1,344438839.6,312415046.4,366887376.6,414143823.2,471122970.9,451788486.9,440997738.0,437525514.2,420828262.3,459976850.3,489714518.0,494197841.1,496856295.8,518228012.1,518180042.2,,240,,266
